# index, _graphml_vertex_id, _pos
0,TS-dot Engineering Ltd.,"array([2.74286065, 3.03090657])"
1,HealthWEST,"array([2.59316329, 3.10844431])"
2,Guardian Health Care (Bupa),"array([2.56670813, 3.11524895])"
3,Otago Museum,"array([2.66556114, 2.97979468])"
4,Dynamic Controls Ltd.,"array([2.6623534 , 3.02264571])"
5,Education House,"array([2.96514131, 3.76836074])"
6,Anglesea Medical Properties Ltd,"array([2.62953719, 3.04354107])"
7,Fisher and Paykel Healthcare Ltd.,"array([2.61774164, 3.03376015])"
8,High Performance Sport New Zealand,"array([2.54134809, 3.00281366])"
9,Greerton Early Childhood Centre,"array([2.75995452, 3.0007096 ])"
10,Crown Fibre Holdings Limited,"array([2.56731279, 2.2035709 ])"
11,QE Health,"array([2.53885949, 3.09813974])"
12,Eli Lilly and Company (New Zealand) Limited,"array([2.60840549, 3.10983152])"
13,Global Action for Health Equity Network (HealthGAEN),"array([2.55588978, 2.85248102])"
14,Amalgamates Solutions and Research Ltd.,"array([2.76321454, 2.95489452])"
15,New Zealand Institute of Community Health Care,"array([2.6938214 , 3.08197939])"
16,Fisher and Paykel Appliances,"array([2.51107429, 3.16188972])"
17,Quay Park Medical Centre,"array([2.61298455, 3.11685826])"
18,Harker Underground Construction Limited,"array([2.80429121, 3.04531536])"
19,Green Lane Hospital,"array([2.58682586, 3.19732021])"
20,Te Pou,"array([2.58330167, 3.1237405 ])"
21,Alcohol Healthwatch Trust,"array([2.48052879, 3.09053607])"
22,Otago Community Hospice,"array([2.70954773, 3.06487083])"
23,Akaroa Medical Centre,"array([2.64961245, 3.19861484])"
24,Beca,"array([2.68747325, 3.03156732])"
25,New Zealand Cricket,"array([2.47786017, 2.9863939 ])"
26,Cape Kidnappers and Ocean Beach Wildlife Preserve,"array([2.44898136, 3.06690684])"
27,Wicksteed Medical Services Whanganui Regional PHO,"array([2.52360282, 2.9685311 ])"
28,Cameron Medical Clinic,"array([2.68345226, 3.08315911])"
29,Edmund Lawler and Associates Limited,"array([2.7956311 , 3.00216005])"
30,Meteorological Service of New Zealand Ltd.,"array([2.68495917, 2.98766049])"
31,Carson Associates Ltd.,"array([2.78427905, 2.878952  ])"
32,The Breast Centre,"array([2.77283458, 2.99447777])"
33,Pathlab,"array([2.57445679, 3.10495263])"
34,Livestock Solutions and Services,"array([2.55913206, 2.89020095])"
35,Mental Health Foundation of New Zealand,"array([2.55516697, 3.0141205 ])"
36,Cambridge Veterinary Services,"array([2.58260453, 2.89470246])"
37,Mt. Aspiring Geochemical Ltd.,"array([2.68825287, 2.82426937])"
38,Hamilton Zoo,"array([2.61571168, 2.9921012 ])"
39,Roche Products Limited,"array([2.55885129, 3.12344454])"
40,The Life Flight Trust,"array([2.68666561, 3.13295686])"
41,AC Research Associates,"array([2.55772473, 3.10323042])"
42,Crawford Medical Centre,"array([2.4883345 , 3.02076435])"
43,Plant and Food Research,"array([2.59250392, 2.9471293 ])"
44,New Zealand Transport Agency,"array([2.70683178, 3.0931181 ])"
45,Eastland Veterinary Services Ltd.,"array([2.52893535, 2.92083746])"
46,IPENZ,"array([2.6716991 , 3.03493509])"
47,PHARMAC,"array([2.60211301, 3.08385186])"
48,Energy Efficiency and Conservation Authority,"array([2.67894241, 3.03094063])"
49,Landcare Research,"array([2.66662905, 2.95002504])"
50,HEB Construction,"array([2.76728244, 3.15126653])"
51,StretchSense Ltd,"array([2.50915922, 3.11509205])"
52,CH and Associates,"array([2.67885101, 2.91962297])"
53,OSPRI,"array([2.63223189, 2.96188038])"
54,LightBox Psychology Services,"array([2.74019479, 3.09163878])"
55,West Coast Primary Health Organisation,"array([2.74584545, 3.12213672])"
56,South Canterbury District Health Board,"array([2.61819396, 3.08831219])"
57,Otago Polytechnic,"array([2.64495358, 3.03348086])"
58,New Zealand Heart and Lung Transplant Service,"array([2.54445998, 3.09166269])"
59,Agri-Optic NZ Ltd.,"array([2.58767419, 2.84084069])"
60,Symes de Silva House,"array([2.74855779, 3.13173268])"
61,Syngenta Crop Protection Ltd.,"array([2.54792056, 2.95208973])"
62,Common Ground Ltd,"array([2.67162577, 2.92703562])"
63,Auckland Heart Group,"array([2.55923739, 3.0840176 ])"
64,Western Springs College,"array([2.77144314, 3.02288642])"
65,Aorangi Veterinary Services,"array([2.46351427, 2.9126753 ])"
66,Nielsen Company,"array([2.51656309, 3.06409897])"
67,Dairy Production Systems Ltd.,"array([2.71064991, 2.74346191])"
68,Oritain Global Ltd.,"array([2.7463262 , 3.16898034])"
69,Applied Research Associates New Zealand,"array([2.78415777, 2.98018775])"
70,Rotorua General Practice Group,"array([2.62180822, 3.12725638])"
71,Whatever It Takes (WIT),"array([2.73433145, 3.15603184])"
72,Upper Hutt City Library,"array([2.74673685, 3.05982108])"
73,PriceWaterhouse Coopers (PwC),"array([2.64631945, 3.0093402 ])"
74,Ruaimoko Productions and Consultancy Ltd.,"array([2.71885115, 3.18780934])"
75,Air Quality Ltd.,"array([2.56889679, 3.04154161])"
76,AgriQuality Limited,"array([2.50425555, 2.87833066])"
77,Occupational Medicine Specialists,"array([2.57483915, 2.86717561])"
78,Supporters of Tiritiri Matangi,"array([2.68628937, 2.89277439])"
79,Pinnacle Group Ltd,"array([2.54738539, 3.0088919 ])"
80,Orca Research Trust,"array([2.55252103, 2.82068963])"
81,Interpine,"array([2.75501166, 2.94450523])"
82,Turanga Health,"array([2.6433159 , 3.07923564])"
83,Te Puna Hauora Medical Centre,"array([2.61718355, 3.20597077])"
84,NZ Strong Construction,"array([2.77481018, 3.20067526])"
85,PollenPlus Ltd.,"array([1.88295957, 2.65870267])"
86,Skin Centre,"array([2.53612387, 3.07430704])"
87,Hospice Palliative Care Education,"array([2.71632739, 3.07173275])"
88,New Zealand Police,"array([2.59409165, 3.02414406])"
89,The Boardroom Practice Limited,"array([2.4656977 , 2.96299029])"
90,Tipu Ora Community Dental Service,"array([2.59150906, 3.12372617])"
91,Genesis Research & Development Corporation Ltd,"array([2.60997462, 3.13697351])"
92,Samantha Gray Consulting,"array([2.5584095 , 2.90120569])"
93,Magic Sparks Early Learning and Development Centre,"array([2.68905203, 3.0454631 ])"
94,Environment Protection Authority(EPA),"array([2.64275391, 2.94272629])"
95,Enviro Research,"array([2.68156762, 2.83376105])"
96,Earthtech Consulting Limited,"array([2.48451289, 3.12399385])"
97,Tairawhiti District Health Board,"array([2.61941049, 3.06263069])"
98,DNA Investments Ltd.,"array([2.66247292, 2.85251998])"
99,New Zealand Olympic Committee,"array([2.69533116, 3.17006718])"
100,Market Economics Ltd.,"array([2.60205658, 2.84709385])"
101,New Zealand Merino Company Ltd.,"array([2.63027693, 2.84431879])"
102,MidCentral District Health Board,"array([2.6101475, 3.0744492])"
103,New Zealand Brain Research Institute,"array([2.64346197, 3.05384608])"
104,Blue Water Marine Research,"array([2.57479371, 2.99021343])"
105,Dairy Goat Co-operative (NZ) Ltd.,"array([2.62256314, 2.9582552 ])"
106,International Society for Skiing Safety,"array([2.54296964, 3.01797226])"
107,Cropmark Seeds Limited,"array([2.66404037, 2.89832873])"
108,Erin Park,"array([2.55976187, 3.11129958])"
109,PipeTechnologies,"array([2.5688248 , 3.14966503])"
110,Visitor Solutions,"array([2.64012109, 2.91600234])"
111,New Zealand Tertiary College,"array([2.52445936, 3.01351487])"
112,W. M. Consultancy Ltd,"array([2.70978744, 2.82780826])"
113,Raukatauri Music Therapy Centre,"array([2.49029954, 3.11578371])"
114,Te Whare o Ngati Kahu Hauora,"array([2.72630099, 3.17109048])"
115,Orthotic Centre Wellington Ltd,"array([2.5006335 , 2.96190235])"
116,Te Piriti Special Treatment Unit,"array([2.79807454, 2.95434711])"
117,University of Auckland,"array([2.57192375, 3.05780982])"
118,Community Clinic for Sexual Health and Contraception,"array([2.51129134, 3.09539727])"
119,Turitea Observatory,"array([2.63137324, 3.02285586])"
120,Diagnostic Medlab,"array([2.56067248, 3.03802136])"
121,New Zealand Arable,"array([2.65169627, 2.83595657])"
122,Far North District Council,"array([2.60546761, 2.88336009])"
123,IWM Consultancy,"array([2.61692777, 2.77764943])"
124,Norske Skog Tasman,"array([2.47907875, 3.06535936])"
125,Revolution Fibres Ltd,"array([2.63674366, 3.00127866])"
126,Otago Regional Council,"array([2.68339948, 2.94728267])"
127,Mark L Batchelar Consulting Engineers,"array([2.79413184, 3.08149053])"
128,Heavy Engineering Research Association,"array([2.63740919, 3.1125649 ])"
129,West Coast Regional Council,"array([2.70495636, 2.94094793])"
130,Contract Landscapes Ltd,"array([2.74919067, 2.93633211])"
131,Milton Health Centre,"array([2.70858307, 3.17075773])"
132,Auckland Institute of Studies,"array([2.53209488, 2.96312583])"
133,Silvester Clark,"array([2.73446233, 3.01385798])"
134,Animal Dermatology NZ,"array([2.57878478, 2.90185449])"
135,Total Mums Physiotherapy,"array([2.48648419, 2.97578633])"
136,Society of Breast Surgeons of Australia and New Zealand,"array([2.4551416 , 3.09577381])"
137,Kompass Health Associates,"array([2.48842414, 2.9483983 ])"
138,Vector Ltd.,"array([2.520503  , 3.15780177])"
139,Masters Consulting Ltd.,"array([2.57411099, 2.92488886])"
140,FEM Ltd.,"array([3.44055468, 2.89380658])"
141,OPSM,"array([2.61548899, 3.15922114])"
142,Worksafe NZ,"array([2.54063705, 2.85078812])"
143,Coastline Consultants,"array([2.76467169, 2.86391586])"
144,Alcohol Harm Minimisation Advisory Group,"array([2.68081289, 3.1174794 ])"
145,Porirua City Council,"array([2.71758105, 3.14580494])"
146,Lakes District Health Board,"array([2.58300882, 3.04580478])"
147,Office of the Health and Disability Commissioner,"array([2.48212655, 3.09912139])"
148,AFTpharmaceuticals,"array([2.44159636, 3.03443843])"
149,Antipodean Pharmaceuticals,"array([2.64731013, 3.1212703 ])"
150,Betta Bees Research Ltd,"array([2.6822273 , 3.15615459])"
151,Ground Investigation Ltd,"array([2.47911106, 3.14005357])"
152,Poultry Industry Association of New Zealand,"array([2.59345975, 2.91341301])"
153,Social Research Consultant,"array([2.5085701 , 2.98585555])"
154,Resource Teacher: Learning and Behaviour,"array([2.5250425, 3.1250987])"
155,Stock Monitoring Services Ltd,"array([2.62924271, 2.97506966])"
156,Kurahaupo Consulting,"array([2.69613757, 2.8562627 ])"
157,Blind Foundation,"array([2.55114001, 2.83455529])"
158,Titanox Development Ltd,"array([2.43835336, 3.06187363])"
159,Jade Software Corporation,"array([2.72280447, 3.09799904])"
160,Greenweaver Architecture Ltd,"array([2.75947347, 3.01842452])"
161,RML Engineering,"array([2.78725333, 2.95859242])"
162,Maungatautari Ecological Island Trust,"array([2.64486062, 2.88279962])"
163,Bodeker Scientific,"array([2.72093865, 3.01676007])"
164,Academic Colleges Group New Zealand,"array([2.5273351 , 3.14160044])"
165,Bartonk Solutions,"array([2.73430779, 2.92689051])"
166,Te Arawa Lakes Trust,"array([2.50346274, 2.91805196])"
167,Centre for Dairy Excellence,"array([2.57908444, 2.85907854])"
168,Pakuranga Medical Centre,"array([2.55601847, 3.16703874])"
169,Chiefs Super Rugby Franchise,"array([2.56840807, 3.0498407 ])"
170,Youth Mentoring Network,"array([2.47807958, 3.00021971])"
171,The Champion Centre,"array([2.80467697, 3.05481851])"
172,Te Awamutu Medical Centre,"array([2.45190572, 3.04984268])"
173,Watercare Services Ltd.,"array([2.62935833, 3.12149192])"
174,New Zealand Institute for Plastic and Cosmetic Surgery,"array([2.73596664, 3.14669999])"
175,New Zealand Veterinary Pathology Ltd.,"array([2.55507244, 2.97514885])"
176,Coast and Catchment Ltd,"array([2.60286647, 2.98178317])"
177,Koti Technologies,"array([2.80688321, 3.02420071])"
178,Xero,"array([2.77456084, 2.95268873])"
179,Tait Communications,"array([2.74057967, 3.1002469 ])"
180,New Zealand School of Music,"array([2.78799542, 3.03360443])"
181,Synergia Ltd,"array([2.61049963, 3.03272952])"
182,Plant Protection Chemistry NZ Ltd,"array([2.63959909, 2.86558069])"
183,ABB Power Quality,"array([2.81334007, 3.04061685])"
184,Malaghan Institute of Medical Research,"array([2.62750696, 3.00914454])"
185,Biomatters Ltd.,"array([2.60361323, 3.14304873])"
186,Wellington Free Ambulance,"array([2.64725235, 3.06593708])"
187,45 South Management Ltd.,"array([2.49832619, 2.90038329])"
188,Arotec Diagnostics Ltd.,"array([2.71466928, 2.96090008])"
189,Christchurch Emergency Care Foundation,"array([2.59779653, 3.03074278])"
190,ARANZ Medical Scanning,"array([2.76239872, 3.08655786])"
191,Kotare Bioethics,"array([2.71147712, 2.90921655])"
192,New Zealand Red Cross,"array([2.60356084, 2.81895162])"
193,Te Ngahere Ltd,"array([2.58629142, 2.97149578])"
194,Powell Geosciences Ltd.,"array([2.81909048, 3.01724913])"
195,Construction Techniques Ltd.,"array([2.66190815, 3.10603294])"
196,Colmar Brunton,"array([2.52337086, 3.14946042])"
197,Lincoln University,"array([2.63981338, 2.96378549])"
198,Worldwise Travellers Health and Vaccination Centre,"array([2.6471357 , 3.13782501])"
199,ANZCO Foods Ltd.,"array([2.6850666 , 2.84514566])"
200,Rakon Ltd.,"array([2.5442882 , 3.16709689])"
201,New Zealand Breast Cancer Foundation,"array([2.6781523, 3.1337541])"
202,Aquanet Consulting Ltd.,"array([2.53502365, 2.88030947])"
203,Duncan Cotterill,"array([2.73670853, 3.13647455])"
204,Infoics Limited,"array([2.59621588, 2.89077343])"
205,Pingar Research,"array([2.77838163, 2.91489389])"
206,Hepatitis Foundation of New Zealand,"array([2.59825969, 3.03995975])"
207,Rape Prevention Education-Whakatu Mauri,"array([2.54638278, 2.99051431])"
208,CBG Health Research Limited,"array([2.60827217, 3.1025686 ])"
209,Re:Search Limited,"array([2.56013392, 2.9331468 ])"
210,Sport Waikato,"array([2.56261807, 3.00740649])"
211,Innate Immunotherapeutics Limited,"array([2.64082749, 3.04153041])"
212,Better Border Biosecurity,"array([2.62613605, 2.88843057])"
213,Photonz Corporation Ltd,"array([2.45087109, 3.11479082])"
214,Pasifika Horizon Healthcare,"array([2.50836113, 3.07479003])"
215,Lateral Technology,"array([2.52934004, 3.16597203])"
216,Hutt Valley District Health Board,"array([2.60265242, 3.05393682])"
217,Care of Orca Research Trust,"array([2.52424525, 2.75791108])"
218,University of Otago,"array([2.65822878, 3.07489312])"
219,New Zealand National Eye Bank,"array([2.53776089, 3.19945959])"
220,Rayonier New Zealand Ltd,"array([2.62120044, 3.11864327])"
221,CORE Education Ltd.,"array([2.66416633, 3.03383927])"
222,New Zealand National Forensic Pathology Service,"array([2.69586046, 3.13778877])"
223,Carbon Partnership,"array([2.72182772, 2.84889367])"
224,Pacific Health Research and Development Foundation,"array([2.53016951, 2.97796061])"
225,Lake Hawea Institute of Cryodynamics,"array([2.7529723 , 3.03655082])"
226,Manurewa South School,"array([2.47087446, 3.06557221])"
227,HortPlus,"array([2.57617425, 2.91212323])"
228,Transfield Services,"array([2.78868854, 3.15492675])"
229,New Zealand Medical Association,"array([2.62359568, 3.15086076])"
230,Rangiora Veterinary Centre,"array([2.69309398, 3.01310802])"
231,New Zealand Register of Exercise Professionals,"array([2.49091188, 2.95772744])"
232,Cromwell College,"array([2.78252369, 3.05023582])"
233,New Zealand Rock Lobster Industry Council (NZ RLIC),"array([2.94000251, 2.26046203])"
234,Spray-tec,"array([2.59362105, 2.86525602])"
235,Palmerston North City Library,"array([2.76534871, 3.05925379])"
236,Pacific Radiology Group,"array([2.6201223 , 3.08011541])"
237,Philosophy of Education Society of Australasia,"array([2.50881873, 3.08399667])"
238,Eudyptes EcoConsulting Ltd,"array([2.71241021, 3.0354064 ])"
239,McManus Geotech Ltd.,"array([2.72669368, 2.99833988])"
240,Horteye Ltd,"array([2.52299711, 2.88407294])"
241,Heke Consulting,"array([2.46338436, 3.08788963])"
242,CLIMsystems Ltd.,"array([2.79748507, 2.96433808])"
243,Northland District Health Board,"array([2.61836049, 3.07429895])"
244,Lion Foundation House,"array([2.47797511, 2.94367233])"
245,Benthic Science Ltd.,"array([2.7252302 , 3.04491214])"
246,Levin and Horowhenua Veterinary Centre,"array([2.52583528, 2.93090686])"
247,Glass Earth Gold Ltd,"array([2.66762626, 3.17864473])"
248,ICL Business School,"array([2.50972185, 2.93591346])"
249,Repromed,"array([2.59161967, 3.05940759])"
250,National Heart Foundation of New Zealand,"array([2.58869774, 3.04055515])"
251,Real Time Genomics,"array([2.68512998, 3.83793995])"
252,New Zealand Academy of Sport,"array([2.60926724, 3.00428193])"
253,Bomac Laboratories Ltd,"array([2.57438095, 2.95299115])"
254,New Zealand Heavy Engineering Research Association,"array([2.67422065, 3.07834451])"
255,Tonkin and Taylor Ltd.,"array([2.6595507 , 2.97923836])"
256,Telemetry Research Ltd.,"array([2.54703481, 3.13542299])"
257,Alphalabs,"array([2.61070511, 2.93458602])"
258,Fletcher Construction Co,"array([2.57324119, 3.15634291])"
259,Palmerston North City Council,"array([2.53652988, 2.90382613])"
260,Immunisation Advisory Centre,"array([2.52335916, 3.10030094])"
261,Air New Zealand,"array([2.58867631, 3.06625009])"
262,Te Kauwhata College,"array([2.72007086, 2.90735162])"
263,Chilton Saint James School,"array([1.82635756, 2.87649865])"
264,Campbell and Associates Ltd.,"array([2.49631582, 2.87183278])"
265,Cawthron Institute,"array([2.66085336, 2.96736363])"
266,Biotelliga Ltd,"array([2.71752367, 2.83702414])"
267,ERA Ecology,"array([2.68400028, 2.97237005])"
268,Keraplast Research,"array([2.71927164, 3.11647537])"
269,Good Life Research Centre Trust,"array([2.57200598, 3.01350803])"
270,Education Review Office,"array([2.44746116, 3.04148392])"
271,Hamilton Eye Clinic,"array([2.4723252 , 3.01052458])"
272,Airborne Honey Ltd.,"array([2.75119948, 3.0858183 ])"
273,AgriNova NZ Ltd,"array([2.52081868, 2.89254888])"
274,Visible Learning Research Lab,"array([2.58710053, 2.87623205])"
275,Petersgate Counselling Centre,"array([2.81456307, 3.0510167 ])"
276,South Seas Primary Healthcare,"array([2.57938126, 3.07318554])"
277,Aerocool Ltd.,"array([2.78722284, 2.96833927])"
278,Meridian Energy Ltd.,"array([2.72908837, 3.03820102])"
279,New Zealand Winegrowers,"array([2.57939998, 2.97675783])"
280,Ka Mau Te Wero,"array([2.74114697, 2.87479896])"
281,Waikato Institute of Technology,"array([2.50998894, 2.96545004])"
282,Earthquake Commission,"array([2.65807148, 3.03054746])"
283,AUT University,"array([2.58190671, 3.00256356])"
284,New Zealand BioSecure Entomology Laboratory Research,"array([2.68413293, 2.9643453 ])"
285,Auckland Refugee Community Coalition,"array([2.48568156, 3.14778116])"
286,Equine Health Association,"array([2.67441403, 2.85592754])"
287,Member International Neuropsychological Society,"array([2.73500107, 3.16597071])"
288,Alzheimers Northland,"array([3.39566323, 2.72479408])"
289,Muscular Dystrophy Association of New Zealand,"array([2.59492091, 3.05193433])"
290,Taranaki Veterinary Centre,"array([2.54809271, 2.85752964])"
291,Newman Energy Research,"array([2.8238864 , 3.03509532])"
292,Vernon Willey Trust Fellow,"array([2.69644356, 2.84487098])"
293,Carter Holt Harvey Ltd.,"array([2.70765014, 3.14136798])"
294,Kiwicap Research Ltd,"array([2.54476841, 3.83536688])"
295,Mountains to Sea Conservation Trust,"array([2.60126474, 2.97517404])"
296,New Zealand Forest Surveys,"array([2.67799344, 2.89472854])"
297,Waitemata District Health Board,"array([2.60593934, 3.08967618])"
298,Financial Markets Authority,"array([2.76450287, 3.04963584])"
299,Te Aho Tapu Trust-Psychological Services,"array([2.56040444, 3.19390432])"
300,ECG Consultants,"array([2.59695401, 2.83930858])"
301,Noke Ltd.,"array([2.76143816, 3.20597112])"
302,Pansophy Ltd,"array([2.67956245, 2.9292426 ])"
303,TrustPower Ltd.,"array([2.79470619, 3.05346569])"
304,Simulenz Limited,"array([2.66655844, 3.22318693])"
305,Eastern Suburbs Association Football Club (ESAFC),"array([2.53815489, 2.98195472])"
306,Tristram Clinic,"array([2.54453887, 2.97300156])"
307,Kea Conservation Trust,"array([2.66213097, 2.92525258])"
308,BirdLife Global Seabird Programme,"array([2.68378889, 2.90397811])"
309,Psychology Centre,"array([2.52434917, 3.05734306])"
310,Clendon Burns and Park Consulting Engineers,"array([2.76597655, 2.97486297])"
311,Best Practice Advocacy Centre,"array([2.61909845, 3.14240495])"
312,P.N. Plimmer and Associ.,"array([2.49050733, 3.03018144])"
313,New Zealand National LCP Office,"array([2.56854846, 3.0955824 ])"
314,Insights MSD,"array([2.76056071, 3.09940282])"
315,Titanium Industry Development Association Inc. (TiDA),"array([2.7763312 , 2.90363629])"
316,Dynatest,"array([2.63678601, 3.05419685])"
317,Consulting Dietitians Ltd.,"array([2.52680662, 3.1084625 ])"
318,Towers Consulting,"array([2.67436357, 2.84202945])"
319,MorVet Limited,"array([2.62126957, 2.84492013])"
320,Ports of Auckland Limited,"array([2.48505799, 3.10861775])"
321,Christchurch Psychologists' Office,"array([2.71979096, 3.10575987])"
322,Diagnostic Laboratory,"array([2.55098606, 3.08716575])"
323,Tissue Mechanics Laboratory,"array([2.48743484, 3.04693366])"
324,Eco-Vista Photography and Research Ltd.,"array([2.65792048, 3.01605477])"
325,NZFOCUS (NZ) Ltd.,"array([2.50253467, 3.10969259])"
326,Rock Engineering Consultant,"array([2.81612347, 2.94664862])"
327,Feilding Medical Centre,"array([2.53265874, 3.06288498])"
328,IAC IP Limited,"array([2.49933787, 2.93358078])"
329,Magnolia Press,"array([2.72773987, 2.85998072])"
330,New Image Group Ltd,"array([2.48774591, 3.06494297])"
331,Tuakau College,"array([2.46647328, 3.10551394])"
332,Lowe NZ,"array([2.74058964, 2.88779464])"
333,Te Roopu A Iwi O Te Arawa Charitable Trust,"array([2.52835591, 2.99865698])"
334,Broadway Medical Centre,"array([2.52885072, 3.07924923])"
335,John Wood Consulting,"array([2.67299332, 3.0988185 ])"
336,Ministry of Education,"array([2.64847494, 3.02402908])"
337,St George's Medical Centre,"array([2.65247142, 3.08687971])"
338,Kaikorai Valley College,"array([2.74362298, 3.15935981])"
339,NetSafe,"array([2.53586266, 3.17235542])"
340,Asphalt Products Limited,"array([2.79039725, 3.07055231])"
341,Ancare Scientific Ltd,"array([2.58979535, 3.00223964])"
342,Melt Tools Ltd.,"array([2.48462203, 2.96499136])"
343,Nelson Marlborough Institute of Technology,"array([2.64085024, 3.00601791])"
344,Neurological Foundation of New Zealand,"array([2.47903762, 3.01854715])"
345,Logjiztix Ltd,"array([2.74562496, 2.92610651])"
346,White Cross Healthcare Ltd,"array([2.56624192, 3.10406897])"
347,Office of the Parliamentary Commissioner for the Environment,"array([2.70094487, 3.00252195])"
348,Pharmacy Guild of New Zealand,"array([2.49046162, 3.01129857])"
349,NIWA,"array([2.67166216, 2.97533259])"
350,New Zealand Association of Optometrists,"array([2.64846176, 2.9479223 ])"
351,Centre for Backyard Astrophysics,"array([2.61920236, 3.00045044])"
352,University of Waikato,"array([2.69165745, 2.97974099])"
353,Pulp Mill Technical Group,"array([2.75940052, 3.21935677])"
354,Ngati Porou Hauora,"array([2.45608426, 3.05856144])"
355,Centre for Clinical Research and Effective Practice,"array([2.57164145, 3.03145848])"
356,Humes Pipeline Systems,"array([2.4750693 , 3.14931118])"
357,Synergenz Biosciences Ltd,"array([2.60525466, 3.11903247])"
358,New Zealand Institute of Rural Health,"array([2.61359029, 3.12531332])"
359,Gentrack Limited,"array([2.74314725, 3.04035326])"
360,Orokonui Ecosanctuary,"array([2.72541133, 3.07550223])"
361,Downer EDI Works Limited,"array([2.6176446 , 2.92881708])"
362,Ministry of Pacific Island Affairs,"array([2.64017059, 3.02728689])"
363,Central City Vets,"array([2.60660172, 2.83826014])"
364,Agvance Marketing Ltd.,"array([2.63046681, 2.87326389])"
365,Food and Bio-based Products Group,"array([2.59040249, 2.90225555])"
366,Explore NZ,"array([2.55295201, 2.8825381 ])"
367,Quadradix,"array([2.44446774, 3.09443748])"
368,Aotearoa Alcohol and Other Drug Consumer Network,"array([2.59554034, 3.13063223])"
369,New Zealand Familial Gastrointestinal Cancer Service,"array([2.60324123, 3.02924132])"
370,Pattle Delamore Partners Ltd,"array([2.75813354, 3.07654238])"
371,Living Cell Technologies NZ Ltd.,"array([2.53626503, 3.08712209])"
372,Hanham Consultants,"array([2.45746838, 3.0395231 ])"
373,Yellow-eyed Penguin Trust,"array([2.70960013, 3.04264364])"
374,West Fono Health Trust,"array([2.57857727, 3.20466718])"
375,Qnique Ltd,"array([2.65033736, 3.07907545])"
376,Agile Utilities New Zealand Ltd,"array([2.55652362, 2.87324883])"
377,Opus International Consultants Ltd,"array([2.70082104, 3.01345848])"
378,Rangiora West Veterinary Clinic,"array([2.46972782, 2.89844838])"
379,Hapai Te Hauora Tapui Ltd,"array([2.5106746 , 3.01311007])"
380,Te Omanga Hospice,"array([2.56231329, 2.96378832])"
381,Stahlton Engineered Concrete,"array([3.08401678, 2.33617353])"
382,Covec Ltd,"array([2.58557378, 3.03321784])"
383,Food and Environment Solution,"array([2.64834306, 2.82248961])"
384,St Margaret's College,"array([2.59157866, 2.95670448])"
385,Abacus ALS,"array([2.55755373, 3.00201113])"
386,Inspiring Ltd.,"array([2.59062692, 3.09221619])"
387,Palaecol Research Ltd,"array([2.66118534, 3.039283  ])"
388,Auckland Clinical Studies Ltd.,"array([2.60493061, 3.16148419])"
389,Cape Sanctuary,"array([2.59440358, 2.98171256])"
390,S.L.I. Systems,"array([2.66734329, 3.02637423])"
391,Gillies McIndoe Research Institute,"array([2.62864903, 3.07826957])"
392,International Telematics Ltd.,"array([2.58642825, 2.92958046])"
393,Structex Studio Limited,"array([2.77769921, 3.11547352])"
394,Western Institute of Technology at Taranaki,"array([2.49545354, 3.09434329])"
395,Kingdom Clinic,"array([2.66200818, 3.14172013])"
396,Intervet/Schering-Plough Animal Health Ltd,"array([2.70466035, 2.83810187])"
397,National Library of New Zealand Te Puna Matauranga O Aotearoa,"array([2.68901743, 3.06245225])"
398,Levare Limited,"array([2.55060757, 3.12672086])"
399,Electricity Authority,"array([2.66131922, 3.06735018])"
400,Numinos Ltd.,"array([2.49344722, 3.12417286])"
401,Prime Consulting International Ltd.,"array([2.5791495 , 2.93543313])"
402,Lincoln Agritech Ltd.,"array([2.66987763, 2.96063618])"
403,Dunning Thornton Consultants Ltd.,"array([2.5668053 , 2.98624845])"
404,Wellington Astronomical Society,"array([2.73330399, 3.05671129])"
405,TM Consultants Ltd.,"array([2.76077382, 3.0283378 ])"
406,Applied Research and Technologies Ltd.,"array([2.58468417, 2.86782672])"
407,Te Arawa Tribal Research Project,"array([2.7694522, 3.122789 ])"
408,BioSylve Forest Science NZ Ltd.,"array([2.75373226, 2.87292856])"
409,Development Action,"array([2.77257652, 3.04076729])"
410,Marine Wildlife Research Ltd,"array([2.6193598 , 3.02646357])"
411,Capital and Coast District Health Board,"array([2.61711418, 3.05117814])"
412,Marlborough District Council,"array([2.75683114, 2.97239474])"
413,Murray's Veterinary Clinic,"array([2.56276547, 2.88121548])"
414,Landcorp Farming Limited,"array([2.58382289, 2.95208995])"
415,National LCP Office,"array([2.62166108, 3.18246884])"
416,Cuttriss Consultants Ltd,"array([2.81174133, 2.9349357 ])"
417,Rotorua District Council,"array([2.62584188, 2.92333399])"
418,Affinity Services,"array([2.51605788, 3.10980591])"
419,Northern Southland College,"array([2.57510075, 2.84887909])"
420,Pultron Composites Ltd.,"array([2.74113705, 2.91822991])"
421,Male Survivors of Sexual Abuse Trust,"array([2.82478409, 3.04660248])"
422,ScanTec Ltd,"array([2.76872678, 2.91199522])"
423,SciLactis Ltd.,"array([2.61163427, 2.92130347])"
424,Pictor Ltd.,"array([2.46528079, 3.0170043 ])"
425,Neonatal Intensive Care Unit,"array([2.68464152, 3.1810376 ])"
426,BHU Future Farming Centre,"array([2.71924006, 2.97295199])"
427,New Zealand Treasury,"array([2.68272913, 3.04013957])"
428,Aroa Biosurgery,"array([2.63112004, 3.00443203])"
429,Northland Regional Council,"array([2.62907037, 2.94128644])"
430,AsureQuality Ltd.,"array([2.57822977, 2.96877708])"
431,Ravensdown Fertiliser Coopererative,"array([2.63831921, 2.90453593])"
432,Animation Research Limited,"array([2.67509362, 3.18346882])"
433,Whanganui District Health Board,"array([2.60640353, 3.06883852])"
434,Pasifika Research Ltd,"array([2.74136554, 3.06715232])"
435,Oracle New Zealand,"array([2.79776838, 3.01387657])"
436,Manukau Institute of Technology,"array([2.63672395, 2.9893646 ])"
437,Whangarei District Council,"array([2.59729655, 2.88184705])"
438,Sport and Recreation New Zealand,"array([2.50046761, 3.0767376 ])"
439,New Zealand Dental Association,"array([2.72848158, 3.13185688])"
440,Waikato District Health Board,"array([2.59191566, 3.0345056 ])"
441,The Vet Centre Marlborough Ltd,"array([2.60621945, 2.86641311])"
442,AgriGenesis Biosciences Ltd,"array([2.6302877 , 2.90633341])"
443,Scion,"array([2.69665512, 2.95594186])"
444,SecuritEase International,"array([2.46584579, 3.07369774])"
445,RATO Natural Health Clinic,"array([2.76016081, 2.21076858])"
446,Investigation Geology Ltd,"array([2.79263493, 3.10712992])"
447,Fruition Horticulture,"array([2.56842435, 2.89466211])"
448,Development By Design,"array([2.7706901 , 3.00328236])"
449,Marinoto Clinic,"array([2.62169757, 3.10190206])"
450,City Fitness,"array([2.58961845, 3.01726495])"
451,Bethesda Care,"array([2.56313721, 3.13433483])"
452,Capital Eye Specialists,"array([2.56008523, 3.04804754])"
453,Comvita New Zealand Ltd.,"array([2.58848714, 2.98077191])"
454,MetOcean Solutions Ltd.,"array([2.7389607 , 3.00060106])"
455,New Zealand Climate & Health Council,"array([2.61610397, 3.13304665])"
456,Pastoral Genomics,"array([2.69231665, 2.83474498])"
457,Antarctica Scientific Limited,"array([2.72628592, 2.94635156])"
458,Alpine and Polar Processes Consultancy,"array([2.74823075, 3.01758297])"
459,James and Monroe,"array([2.55129234, 2.94106701])"
460,Forever Beech Ltd.,"array([2.80014765, 3.0895026 ])"
461,Berryworld Ltd,"array([2.56682668, 2.91367325])"
462,DairyNZ,"array([2.64280584, 2.9686792 ])"
463,Paric Limited,"array([2.50373929, 3.09138966])"
464,Fruitfed Supplies,"array([2.52935054, 2.89905647])"
465,Ancare New Zealand Ltd.,"array([2.6771214 , 3.17409111])"
466,Virtual Institute of Statistical Genetics,"array([2.72987697, 3.02095876])"
467,Ryman Healthcare,"array([3.40287019, 2.74457694])"
468,Northern Region IDEA Services,"array([2.48847185, 3.00156139])"
469,LanzaTech NZ Ltd.,"array([2.72516017, 3.02891978])"
470,Nelson Marlborough District Health Board,"array([2.62295856, 3.0428624 ])"
471,INR Online Ltd,"array([2.61166183, 3.18683161])"
472,New Zealand School Acupuncture and Traditional Chinese Medicine,"array([2.80354088, 3.03497603])"
473,Hawkins Watts,"array([2.45324806, 3.03169715])"
474,Waimakariri District Council,"array([2.70520218, 2.9749767 ])"
475,St Cuthbert's College,"array([2.44617621, 3.02388033])"
476,Kinetic Engineering Design,"array([2.46253684, 3.1321529 ])"
477,New Zealand Needle Exchange Programme,"array([2.61316411, 3.06752906])"
478,Urological Society of Australia and New Zealand,"array([2.55868974, 3.18235851])"
479,Tai Wananga Learning Centre,"array([2.79522832, 2.97511769])"
480,Geotech Consulting Ltd,"array([2.71897759, 2.99066724])"
481,Unitec,"array([2.64235854, 2.98369277])"
482,Canterbury District Health Board,"array([2.65381694, 3.05441661])"
483,Presbyterian Church of New Zealand,"array([2.53099419, 3.09755024])"
484,Heart Foundation of New Zealand,"array([2.60717099, 3.1290703 ])"
485,Hauraki Maori Trust Board,"array([2.7081804 , 3.00244203])"
486,Health Promotion Agency,"array([2.64158054, 3.06248181])"
487,TracPlus Global Ltd,"array([2.75512963, 3.1437626 ])"
488,Roche Diagnostics New Zealand Ltd,"array([2.60291616, 2.92962348])"
489,ESR,"array([2.62861862, 3.01641833])"
490,Cymbiotix Group Limited,"array([2.51233667, 3.00488457])"
491,Local Government New Zealand,"array([2.65569597, 2.96375521])"
492,Ballance Agri-Nutrients Limited,"array([2.65167316, 2.94033045])"
493,Law Commission,"array([2.79471894, 3.02634365])"
494,Tala Pasifika,"array([2.62315662, 3.09496311])"
495,Hiway Geotechnical,"array([2.46520274, 3.05617123])"
496,Vestec Capital Limited,"array([2.55846216, 2.8423234 ])"
497,Clinical Systems,"array([2.58426451, 3.16721043])"
498,OTRS Group Ltd,"array([2.68989132, 3.0908027 ])"
499,Outome Management Services,"array([2.51032563, 3.13429808])"
500,Transport Engineering Research NZ Ltd.,"array([2.72770425, 2.95663605])"
501,Unison Networks Limited,"array([2.81962547, 3.06850388])"
502,Quintern Innovation Ltd,"array([2.74544687, 3.21826841])"
503,Wellington Zoo,"array([2.68145617, 2.95522462])"
504,Ascot Angiography,"array([2.58293546, 3.08081344])"
505,Eastern Region Fish and Game,"array([2.72161256, 2.93617322])"
506,NZ Oil and Gas,"array([2.75629134, 2.99269175])"
507,Soil and Land Evaluation Ltd,"array([2.71598134, 2.88311888])"
508,Auckland Dermatology,"array([2.4982476 , 2.99320104])"
509,New Zealand Institute of Medical Laboratory Science,"array([2.63798142, 3.13810436])"
510,Waiariki Institute of Technology,"array([2.67091414, 2.98371942])"
511,Bay of Plenty Regional Council,"array([2.68040379, 2.9396535 ])"
512,The Challenge of Change,"array([2.79374766, 3.04367357])"
513,O'Kane Consultants (NZ) Ltd,"array([2.58241158, 2.98622598])"
514,Adis International Ltd.,"array([2.55680333, 3.15531191])"
515,Southern Rangitikei Veterinary Services,"array([2.62538268, 2.89846841])"
516,Streamliners Ltd,"array([2.73612904, 3.11610942])"
517,New Zealand Warriors Rugby League Club,"array([2.49617174, 2.98042964])"
518,University of Canterbury,"array([2.70138831, 3.04292854])"
519,Nufarm,"array([2.66361034, 2.83817858])"
520,Tasman District Council,"array([2.67644813, 2.94909073])"
521,Babbage Consulting Ltd.,"array([2.59430615, 2.97406929])"
522,St Paul's College,"array([2.47583709, 3.07343608])"
523,Hanmer Clinic Tauranga,"array([2.70898183, 3.15105545])"
524,Linnaeus Laboratory,"array([2.56010368, 3.14398304])"
525,Otago Daily Times Collective,"array([2.68679417, 3.17140924])"
526,Johne's Management Limited,"array([2.64897835, 2.89222286])"
527,Batten Animal Research Network,"array([2.60465365, 3.03665909])"
528,Highlanders Rugby,"array([2.196388  , 3.71491357])"
529,KiwiRail,"array([2.77260759, 3.14058392])"
530,Assistive Technology Ltd.,"array([2.58185576, 2.82091642])"
531,Braemar Hospital,"array([2.67318081, 3.12578323])"
532,Power Projects Limited,"array([2.74931922, 2.97526681])"
533,Pharmaceuticol Ltd,"array([2.63056187, 3.13065275])"
534,New Zealand Aerial Mapping,"array([2.71230281, 3.01726494])"
535,Comtel System Ltd.,"array([2.63867572, 2.85592843])"
536,Auckland Eye,"array([2.55028357, 3.05457564])"
537,Innov8 Group Ltd.,"array([2.52119213, 2.9527965 ])"
538,Geomarine Research,"array([2.64636107, 3.00230875])"
539,Ngati Kapo O Aotearoa,"array([2.6166253 , 2.89384025])"
540,Orion Healthcare Ltd.,"array([2.56435056, 3.16152764])"
541,Ministry of Social Development,"array([2.65563505, 3.04891839])"
542,Southern Photonics Ltd,"array([2.64742147, 3.04817345])"
543,Pasifika Medical Association,"array([2.56842552, 3.0659898 ])"
544,Injury Prevention Aotearoa,"array([2.54462156, 3.04033688])"
545,High Performance Sport NZ,"array([2.48771549, 2.98624224])"
546,Dyspraxia Support Group of New Zealand,"array([2.68983889, 3.11551811])"
547,Keratec Ltd.,"array([2.70861286, 2.98668973])"
548,Molehill Astronomical Observatory,"array([2.62221781, 3.0061565 ])"
549,Applied Engineering Research Ltd.,"array([2.77443876, 2.87037287])"
550,Fish and Game NZ,"array([2.67020406, 2.91715077])"
551,SUSH Global Solutions,"array([2.57856607, 2.84071524])"
552,Deloitte,"array([2.63239458, 3.0296675 ])"
553,Rockwell Automation,"array([2.49376289, 3.15329164])"
554,Southern Cochlear Implant Programme,"array([2.70157047, 3.10471951])"
555,P. A. and S. C. Steens Limited,"array([2.80835725, 2.9656272 ])"
556,Canterbury Charity Hospital Trust,"array([2.728236  , 3.11028723])"
557,Parker Associates,"array([2.48727108, 2.93708497])"
558,Te Whare Wananga o Awanuiarangi,"array([2.62855437, 2.96761449])"
559,Commtest Instruments Ltd,"array([2.76560557, 3.11226809])"
560,Moorhouse Medical Clinic,"array([2.55201883, 3.04501447])"
561,Conservation and Environmental Management,"array([2.7020192 , 2.93412341])"
562,Numcore Ltd.,"array([2.45774854, 3.02244338])"
563,Weta Digital,"array([2.63657312, 3.07660038])"
564,Promisia Ltd,"array([2.68437707, 3.10045609])"
565,Quin Environmentals(NZ) Ltd.,"array([2.6895891 , 2.95196943])"
566,New Zealand Centre for SME Research,"array([2.59983251, 2.82943356])"
567,Lindis Consulting,"array([2.63501804, 2.92280461])"
568,Hauora Heretaunga,"array([2.47923353, 3.04815307])"
569,Southern Community Laboratories Ltd,"array([2.63381729, 3.08400057])"
570,New Zealand Refining Co. Ltd.,"array([2.7830352 , 3.10536349])"
571,Jacobs Engineering,"array([2.58256261, 3.15695357])"
572,Morrison Consultants Ltd,"array([2.66163328, 2.91611085])"
573,Wilson Environmental Services,"array([2.65250613, 3.16587727])"
574,Cyperus Ltd,"array([2.64726307, 3.1022247 ])"
575,State Services Commission,"array([2.7853721 , 2.99874829])"
576,The National Health Board,"array([2.49868152, 3.01450787])"
577,New Zealand Guidelines Group,"array([2.655856  , 3.06267656])"
578,McLaren Research Ltd.,"array([2.50624721, 2.8667258 ])"
579,Atlantis HealthCare,"array([2.50057726, 3.0321075 ])"
580,Clinical Horizons,"array([2.67162951, 3.10777852])"
581,Bay of Plenty Polytechnic,"array([2.64109461, 2.97672157])"
582,Cognosco,"array([2.61945097, 2.93890951])"
583,Drummond Food Science Advisory Ltd.,"array([2.71748069, 3.17581876])"
584,Touch Water Ltd.,"array([2.75264379, 3.00948244])"
585,BLIS Technologies Ltd.,"array([2.69347451, 2.98760267])"
586,Heinz Wattie's,"array([2.55619968, 2.91018916])"
587,Te Papa Tongarewa,"array([2.66593925, 2.98902819])"
588,Renewable Energy,"array([2.77982909, 2.89129544])"
589,CURT St George's Medical Centre,"array([2.60059933, 3.10466669])"
590,Papatoetoe Accident and Medical Centre Ltd,"array([2.54907251, 3.21028606])"
591,Vibration Technology International (VTI),"array([2.51660799, 3.14242095])"
592,Biopolymer Network Ltd,"array([2.61265477, 3.04065566])"
593,Southern Obesity Surgery,"array([2.71066742, 3.1025526 ])"
594,Royal Australasian College of Surgeons,"array([2.5790894 , 3.14843991])"
595,Cardiac Inherited Disease Group,"array([2.5435193 , 3.11944367])"
596,Eastern Institute of Technology,"array([2.60206546, 2.99585184])"
597,Westlake Boys High School,"array([2.51342606, 3.17434196])"
598,National Maori Health Workforce Organisation,"array([2.7385391 , 3.12772432])"
599,Life Technologies Ltd.,"array([2.82375011, 3.05854695])"
600,Pacific Edge Biotechnology Ltd.,"array([2.58838936, 3.07357182])"
601,Australian and New Zealand College of Anaesthetists,"array([2.53487983, 3.10629012])"
602,Otakaro Pathways Ltd,"array([2.60764213, 2.970901  ])"
603,Ascot Women's Cancer Centre of New Zealand,"array([2.56333464, 3.21418645])"
604,Koru Environmental Consultants Ltd,"array([2.70638575, 2.91746592])"
605,New Zealand Medical Students' Association,"array([2.61218599, 3.14532938])"
606,Ensys Ltd,"array([2.78757484, 3.11562437])"
607,Dorothy-Jean and Associates,"array([2.55297616, 2.95862352])"
608,Katoa Ltd,"array([2.67528837, 3.06343251])"
609,Accident Compensation Corporation,"array([2.61882969, 3.03876597])"
610,Lassey Research and Education Ltd,"array([2.73051578, 2.88957286])"
611,StratEDGY,"array([2.73453664, 2.96363754])"
612,Oralis Limited,"array([2.5412512 , 2.83818215])"
613,Watersafe Auckland Inc.,"array([2.4842896 , 3.07384276])"
614,Odyssey House,"array([2.48129532, 3.00955485])"
615,Toi Tangata,"array([2.63712053, 3.14915988])"
616,New Zealand China Friendship Society and Chinz Co,"array([2.59363294, 2.85000749])"
617,ChangeMakers Refugee Forum,"array([3.08011627, 3.70564305])"
618,Etec Crop Solutions,"array([2.50240526, 2.89089017])"
619,Pegasus Health Ltd,"array([2.66233122, 3.08841881])"
620,New Zealand Spinal Trust,"array([2.68457749, 3.12505185])"
621,Novare Design Ltd.,"array([2.81464202, 3.02962482])"
622,Shore Vets,"array([2.63044863, 2.82454876])"
623,Waikato Regional Council,"array([2.66461768, 2.97239874])"
624,Parsons Brinckerhoff,"array([2.49786053, 3.14465203])"
625,Hagley Community College,"array([2.79957468, 3.06354544])"
626,Proteus Wildlife Research Consultants,"array([2.70158962, 2.99362937])"
627,ARANZ Geo Ltd,"array([2.77666197, 2.97279411])"
628,PetVet Animal Lower Hutt,"array([2.53610113, 2.93092932])"
629,Waikato Neurology Group,"array([2.55943476, 3.0729044 ])"
630,Centre for Minerals Environmental Research (CMER),"array([2.74182638, 3.10964607])"
631,The Forensic Group Limited,"array([2.72403292, 2.96575324])"
632,Power Systems Consultants New Zealand Ltd,"array([2.63572087, 3.20573365])"
633,New Zealand Defence Force,"array([2.62622736, 3.03645757])"
634,Christchurch Polytechnic Institute of Technology,"array([2.66966898, 3.01958578])"
635,Elmwood Orthopaedics,"array([2.73249017, 3.06693676])"
636,Colgate-Palmolive Ltd,"array([2.78109998, 3.09580589])"
637,Breen Consulting,"array([2.6881324 , 2.92247778])"
638,Wairarapa District Health Board,"array([2.55518062, 2.86449224])"
639,The Good Life Research Centre Trust,"array([2.69584512, 3.02849361])"
640,Veterinary Specialist Group,"array([2.64518479, 2.90866329])"
641,Smokechange Limited,"array([2.73070313, 3.08321384])"
642,Gisborne District Council,"array([2.77189816, 2.98274128])"
643,Cosgrove,"array([2.81180486, 3.06096356])"
644,BCRL Energy Limited,"array([2.82465424, 3.1024632 ])"
645,Orthopaedic Services,"array([2.59082379, 3.17611329])"
646,New Zealand King Salmon,"array([2.69966368, 2.8694365 ])"
647,Hawke's Bay Alcohol and Drug Service,"array([2.62457475, 3.10902812])"
648,Future Forests Research,"array([2.77242369, 2.88271491])"
649,New Zealand Council for Educational Research (NZCER),"array([2.69782263, 2.97660207])"
650,WaikatoLink Ltd.,"array([2.7862566, 2.9085248])"
651,Collins Carriers Ltd.,"array([2.65482053, 2.85967394])"
652,PowerbyProxi Ltd.,"array([2.46739982, 3.00109802])"
653,AquaBio Consultants Ltd.,"array([2.68615043, 2.88359614])"
654,Fulton Hogan Ltd.,"array([2.67002568, 3.05096483])"
655,Herbert Morton Accountants,"array([2.76701316, 2.90111455])"
656,Shona Wilson Consultancy Co. Ltd,"array([2.47327288, 3.13198792])"
657,Massey University,"array([2.60938654, 2.94488663])"
658,Pest-Tech,"array([2.63361753, 2.93341018])"
659,New Zealand College of Midwives,"array([2.65286159, 3.03670207])"
660,Infrastructure Decisions Limited,"array([2.70392743, 2.96467007])"
661,Hyland Fatigue Earthquake Engineering,"array([2.69192674, 3.03773288])"
662,Organ Donation New Zealand,"array([2.53614036, 3.04098112])"
663,Saint Helena National Trust,"array([2.75367738, 3.15581258])"
664,Plant Diagnostics Limited,"array([2.64135861, 2.80238793])"
665,Supplejack Ltd,"array([2.57115454, 3.19395679])"
666,New Zealand Society for Earthquake Engineering (NZSEE),"array([1.80975784, 3.10922367])"
667,Hospice Waikato,"array([2.51780984, 3.01894343])"
668,Automation Design Ltd,"array([2.71266061, 2.87194138])"
669,Bay of Plenty Rugby Union,"array([2.47009304, 2.95254794])"
670,Riverside Veterinary Services,"array([2.47569212, 2.92165244])"
671,David Butler Associates Ltd,"array([2.63949587, 2.84476826])"
672,Growth Solutionz,"array([2.03633488, 3.58352315])"
673,Digital Sensing Limited,"array([2.62749614, 3.06411421])"
674,Gribbles Veterinary,"array([2.56168442, 2.95543892])"
675,Hally Labels,"array([2.78080844, 2.99021337])"
676,Clement and Associates Ltd,"array([2.7121594 , 2.92511776])"
677,Opus Research,"array([2.64158037, 3.16222749])"
678,New Zealand Rheumatology Association,"array([2.58215864, 3.10077289])"
679,Glenview Medical Centre,"array([2.52608121, 3.04221987])"
680,Compac Technologies,"array([2.56205618, 2.85943726])"
681,Claro,"array([2.48399751, 3.13229672])"
682,Stuart Mitchell Consulting,"array([2.47355996, 3.05666618])"
683,Pacific Orthopaedics,"array([2.53266503, 2.8444856 ])"
684,Whelan and Associates,"array([2.60341674, 2.91861925])"
685,Connectos Consulting,"array([2.51771338, 3.02787676])"
686,Medical Protection Society,"array([2.45073442, 2.99858544])"
687,Terrageologica,"array([2.71909824, 3.02444536])"
688,Invenco Group Ltd.,"array([2.51976897, 3.1674487 ])"
689,Canterbury Earthquake Recovery Authority,"array([2.69754545, 2.96808603])"
690,NextWindow Ltd,"array([2.62427698, 3.13590815])"
691,Possum Observatory,"array([2.62313779, 3.01366986])"
692,Ichthyo-niche,"array([2.70206753, 3.03578087])"
693,Statistical Research Associates Ltd,"array([2.64321712, 2.93405555])"
694,Spinal Cord Injury Network,"array([2.60027201, 3.12385633])"
695,Simplar Limited,"array([2.59339939, 2.9238351 ])"
696,PF Olsen and Company Ltd,"array([2.74067394, 2.93525652])"
697,Gambling Helpline,"array([2.54827554, 2.9333941 ])"
698,PGG Wrightson Seeds Ltd.,"array([2.640558  , 2.87483086])"
699,Environment Canterbury,"array([2.65637192, 2.97464575])"
700,Shekinah Berries Limited,"array([2.49462131, 2.88496109])"
701,Reid Construction Systems Ltd,"array([2.65848033, 3.08306622])"
702,Syft Technologies Ltd,"array([2.67691503, 3.07229042])"
703,Rehab Physio Centre,"array([2.57020742, 2.82298612])"
704,New Zealand Rugby Union,"array([2.65636074, 3.12092555])"
705,Transpower New Zealand Ltd.,"array([2.63681823, 3.09082379])"
706,Zink Research,"array([2.71745356, 3.16573454])"
707,Ecosynergy Group Ltd (EGL),"array([2.77478955, 3.05949326])"
708,Holcim (NZ),"array([3.101582  , 2.34817384])"
709,Action on Smoking and Health New Zealand,"array([2.51884624, 3.11819848])"
710,Enviro-Mark Solutions Ltd.,"array([2.7740731, 3.0781453])"
711,Hawke's Bay District Health Board,"array([2.60158639, 3.04605334])"
712,Donaghys Industries,"array([2.51190323, 2.88536406])"
713,Hurricanes Rugby,"array([2.53187199, 2.94337006])"
714,Chiptech Ltd,"array([2.71775947, 3.15590295])"
715,Brian Ricketts Geological Consulting Limited,"array([2.74503865, 2.98386645])"
716,Educational Leadership Project,"array([2.80208118, 2.92439852])"
717,Aspiring Veterinary Service Ltd,"array([2.59890628, 2.87165477])"
718,VSN (NZ) Ltd.,"array([2.70435127, 2.87949782])"
719,Your Nutrition,"array([2.46025076, 3.00798925])"
720,Jowett Consulting Ltd.,"array([2.69637142, 2.93931683])"
721,Boulcott Hospital,"array([2.51100535, 3.03655273])"
722,OceanWaveS Pacific Ltd.,"array([2.74830831, 2.91041108])"
723,Tu-hoe Tuawhenua Trust,"array([2.7312624 , 2.87139078])"
724,Greater Wellington Regional Council,"array([2.66976041, 2.96627071])"
725,Waitemata Primary Health Organisation,"array([2.57879762, 3.17630271])"
726,Geoventures Limited,"array([2.72691282, 3.18210873])"
727,Medical Council of New Zealand (MCNZ),"array([2.53201822, 2.95363925])"
728,John Jones Steel,"array([2.64720538, 3.1124072 ])"
729,Auckland Southern Cross Hospital Group,"array([2.55523532, 3.13437543])"
730,Langimalie Clinic,"array([2.60726086, 3.15289038])"
731,St John Ambulance,"array([2.60150342, 3.05976686])"
732,IZON Science Ltd.,"array([2.66119648, 3.05529044])"
733,GNS Science,"array([2.70129491, 2.9846605 ])"
734,Needle Exchange Programme NZ,"array([2.601586  , 3.13508873])"
735,New Zealand Underwater Heritage Group,"array([2.78003364, 2.92782626])"
736,New Zealand Parliament,"array([2.78211622, 3.02473993])"
737,Coastal and Aquatic Systems Ltd,"array([2.61427131, 2.96950866])"
738,Wingspan Birds of Prey Trust,"array([2.61427764, 2.86207072])"
739,Kaipaki Veterinary Services,"array([2.58133602, 2.83058907])"
740,Labplus,"array([2.55346295, 3.03442045])"
741,Boffa Miskell Ltd,"array([2.63541374, 2.98048973])"
742,International Pacific College,"array([2.53850331, 2.86116855])"
743,Ropata Village Medical Centre,"array([2.59632317, 3.0702713 ])"
744,Westland High School,"array([2.73463301, 3.04592376])"
745,Scott Technology Limited,"array([2.69780943, 3.09674728])"
746,Auckland Regional Council,"array([2.45629579, 3.12450123])"
747,Wakefield Specialist Medical Centre,"array([2.56469334, 2.86797474])"
748,Isolytix,"array([2.69047738, 3.15163642])"
749,JMR Distributors Ltd,"array([2.5905837 , 2.83068989])"
750,Mental Health Education Resource Centre,"array([2.77286688, 3.1064005 ])"
751,Helios Integrative Medical Centre,"array([2.78113302, 2.21420375])"
752,Fertility Associates,"array([2.62258114, 3.06909459])"
753,Health Outcomes Associates Ltd.,"array([2.46454653, 3.09650676])"
754,Rivuli Development,"array([2.77254229, 2.92285288])"
755,Whitireia New Zealand,"array([2.60577376, 3.01068976])"
756,Workwise Employment Ltd.,"array([1.92140524, 3.42825924])"
757,ABI Rehabilitation New Zealand Ltd.,"array([2.50756619, 2.99493876])"
758,Manawatu Diagnostics,"array([2.60740203, 2.85463658])"
759,New Zealand Trade and Enterprise,"array([2.63013668, 2.91535517])"
760,Dr. Malcolm McKellar Ltd.,"array([2.63184841, 3.17311146])"
761,Women's Health Action,"array([2.65532969, 2.89978639])"
762,Sport New Zealand,"array([2.66277795, 3.11486637])"
763,Tetcor,"array([2.493429  , 3.07205169])"
764,Kono Horticulture Limited,"array([2.58792231, 3.01038535])"
765,Risk Strategies Research and Consulting,"array([2.76190575, 3.04003276])"
766,Taste Technologies Ltd.,"array([2.53928204, 2.89383156])"
767,Aviation Industry Association of New Zealand Inc,"array([2.33675857, 3.78493819])"
768,Riccarton Rotary,"array([3.3689965 , 3.37403987])"
769,Dnature diagnostics and research Ltd.,"array([2.59779431, 3.01097818])"
770,Te Rito Maioha Early Childhood New Zealand,"array([2.68504002, 2.97918631])"
771,Aeroqual Ltd.,"array([2.6499281 , 3.02972657])"
772,Beta Solutions,"array([2.53806517, 2.99101733])"
773,Hamilton Veterinary Services,"array([2.5458664 , 2.87598418])"
774,Watercare Laboratory Services,"array([2.49693144, 3.04918019])"
775,Power Co Ltd.,"array([2.52088845, 3.13472328])"
776,Dovedale Ltd.,"array([2.58197163, 3.01896375])"
777,Te Punaha Matatini,"array([2.57090322, 3.00555581])"
778,Irrigation New Zealand Inc.,"array([2.60044732, 2.90848543])"
779,CentralMed,"array([2.65154029, 3.07128897])"
780,MercyAscot Hospitals,"array([2.58677342, 3.05185863])"
781,Broadway Surgical Clinic,"array([2.57472507, 3.13051421])"
782,Frontier Global Ltd.,"array([2.48016109, 3.11563531])"
783,McConnell Dowell Constructors Ltd.,"array([2.67615748, 3.14798931])"
784,Scott Associates Limited,"array([2.60971638, 2.82853375])"
785,Western Heights High School,"array([2.67551879, 2.90995929])"
786,Te Runanga o Ngai Tahu,"array([2.68396619, 2.9133256 ])"
787,Horowhenua Library Trust,"array([3.44095961, 3.13969315])"
788,Innate therapeutics,"array([2.63930847, 2.95160073])"
789,South Seas Healthcare Trust,"array([2.59343673, 3.1161535 ])"
790,Oncology Surgery Ltd.,"array([2.5600314 , 3.09299996])"
791,Cahill Animal Hospital,"array([2.57271173, 2.88546792])"
792,Unisports Sports Medicine,"array([2.44482431, 2.96471854])"
793,Maramatanga Consultants Ltd,"array([2.5430169, 2.8849663])"
794,Rolleston Medical Centre,"array([2.70924194, 3.13156323])"
795,Neil Fitzgerald Photography,"array([2.71149448, 2.90024578])"
796,YouniqueCreative,"array([2.65816489, 3.19345038])"
797,Breast Surgeons' Society of New Zealand,"array([2.47548899, 3.12378634])"
798,Geoenvironmetal Services,"array([2.56986654, 2.93379781])"
799,Whitecliffe College of Art and Design,"array([2.54194459, 2.94274089])"
800,Holmes Fire and Safety,"array([2.6628774 , 3.09917556])"
801,Eco Nomos Ltd.,"array([2.69641143, 2.89037968])"
802,SIRTRACK Limited,"array([2.45913958, 3.08014458])"
803,Psychological Service,"array([2.46775025, 3.14124306])"
804,Precision Irrigation Lindsay International (ANZ) Pty Ltd.,"array([2.65322786, 2.88395755])"
805,Rumenz Ltd,"array([2.57184256, 2.99851827])"
806,Selwyn Centre for Ageing and Spirituality,"array([2.58525649, 3.11608352])"
807,Fabrum Solutions,"array([2.76273185, 2.96448794])"
808,Avocado Industry Council,"array([2.50966418, 2.85603993])"
809,EnForm Tech,"array([2.71166013, 2.93484638])"
810,Te Awakairangi Health Network,"array([2.67222264, 3.15987778])"
811,Wildland Consultants Ltd.,"array([2.64811012, 2.9782849 ])"
812,Akoranga Integrated Health Clinic,"array([2.46688136, 2.98500674])"
813,Centre for Youth Health in South Auckland,"array([2.52695016, 3.06955513])"
814,Waikato-Tainui College for Research and Development,"array([2.66952125, 3.06831932])"
815,Entecol Ltd.,"array([2.61660168, 2.97732657])"
816,Maori Hill Clinic,"array([2.75826328, 3.13313075])"
817,Advanced Clinical Skills Centre,"array([2.53180649, 3.1149142 ])"
818,Xcluder Fencing,"array([2.67133593, 2.82937387])"
819,New Zealand Stock Exchange,"array([2.52413398, 3.83261848])"
820,Imery's Tableware NZ Ltd,"array([2.81556823, 2.97491454])"
821,Napier Health Centre,"array([2.61513623, 2.81866464])"
822,New Zealand College of Chiropractic,"array([2.52103521, 3.0063086 ])"
823,Hemptech,"array([2.795844  , 2.91530758])"
824,Farmax Ltd.,"array([2.67620902, 2.88449194])"
825,Interactionz,"array([2.79926034, 2.93459511])"
826,New Zealand Seafood Industry Council Ltd,"array([2.66604037, 2.93344904])"
827,Hill Laboratories Ltd.,"array([2.65079395, 3.01696771])"
828,Sacred Heart College,"array([2.63950456, 2.89007727])"
829,Pohatu Penguins,"array([2.69490708, 2.91767638])"
830,AECS Ltd.,"array([2.77563732, 2.93584185])"
831,Bayer CropScience New Zealand,"array([2.56040692, 2.94695494])"
832,Tegel Foods Ltd.,"array([2.50915672, 2.94604582])"
833,Auckland Museum,"array([2.65756926, 2.98552649])"
834,Zinniatech Ltd.,"array([2.50088623, 3.04094154])"
835,Sustainability Society,"array([2.57822725, 3.13806485])"
836,New Zealand Centre for Conservation Medicine (NZCCM),"array([2.62687849, 3.00001382])"
837,Sydenham Dental Centre,"array([2.65736099, 3.15396427])"
838,Healthscope Laboratories,"array([2.6174207 , 3.17215281])"
839,ENZO Nutraceuticals Limited,"array([2.68245418, 3.06688276])"
840,Health Quality and Safety Commission,"array([2.61266664, 3.08423302])"
841,Synergine,"array([2.73921875, 3.02065209])"
842,Alfriston College,"array([2.79382269, 2.94342867])"
843,Ian Kusabs and Associates Limited,"array([2.73582098, 2.94337175])"
844,Russell Vickery Associates,"array([2.53310942, 3.01701477])"
845,ZyGEM Corporation Ltd.,"array([2.63922623, 3.01200677])"
846,Saville Statistical Consulting Ltd,"array([2.67212968, 2.95414576])"
847,Zenith Technology Ltd.,"array([2.62939298, 3.1138216 ])"
848,Wiri Timber,"array([2.66186087, 3.16329619])"
849,Fred Hollows Foundation,"array([2.58425052, 3.09069964])"
850,Inform Planning Ltd,"array([2.59065033, 2.9879881 ])"
851,Google,"array([2.78238267, 3.04062734])"
852,Leinster Orthopaedic Centre,"array([2.62502207, 3.1934554 ])"
853,Pacific Island Food and Nutrition Action Group,"array([2.48021488, 2.9555416 ])"
854,DHI Water and Environment,"array([2.82247324, 2.96588043])"
855,Allan Planning and Research Ltd.,"array([2.73930666, 2.907787  ])"
856,Aotea Pathology Ltd.,"array([2.60789477, 3.04459079])"
857,Body Aid Clinic Ltd,"array([2.70155805, 3.16404864])"
858,VetSouth Ltd,"array([2.54705533, 2.91182587])"
859,Wise Group,"array([2.55037695, 3.18999224])"
860,Wintec,"array([2.62485984, 2.98794389])"
861,Reserve Bank of New Zealand,"array([2.68512001, 3.01363945])"
862,Theranostics Laboratory,"array([2.5773532 , 3.06679458])"
863,Totara Hospice,"array([2.54093958, 3.11183455])"
864,OPRA Consulting Group,"array([2.83125337, 3.07678816])"
865,Ministry of Justice,"array([2.66694472, 3.0431387 ])"
866,Sky Blue House Ltd.,"array([2.69643638, 3.06200248])"
867,Kaipara District Council,"array([2.61151829, 2.87629629])"
868,Royal Australian and New Zealand College of Psychiatrists,"array([2.53818261, 3.15962564])"
869,Orb Solutions,"array([2.71750438, 3.04656829])"
870,Grace Hospital,"array([2.62402466, 3.16412131])"
871,West Coast District Health Board,"array([2.64125186, 3.10627121])"
872,Rotary Club of Riccarton,"array([3.35986373, 3.39268084])"
873,OSPRI New Zealand Ltd,"array([2.68463099, 2.87232608])"
874,Raukura Hauora O Tainui Trust,"array([2.7005744 , 3.12952712])"
875,Golder Associates (NZ) Ltd,"array([2.67954932, 3.00849068])"
876,Papamoa Pines Medical Centre,"array([2.64403077, 3.07237266])"
877,Glenfield Hospital,"array([2.72813152, 2.9190207 ])"
878,Paton-Simpson Associates Limited,"array([2.57697693, 3.05133248])"
879,Te Ropu Whakahau,"array([2.5886436 , 2.85793915])"
880,New Zealand Agriseeds Limited,"array([2.56732618, 2.90336813])"
881,Laura Fergusson Trust,"array([2.70189617, 3.11884829])"
882,Stardome Observatory,"array([2.63268989, 3.01145801])"
883,Horowhenua Community Practice,"array([2.67541847, 3.20027332])"
884,New Zealand Avocado Growers Association,"array([2.5055972, 2.9081054])"
885,Te Awaroa Foundation,"array([2.49970297, 3.11831412])"
886,Bank of Scotland,"array([2.53090387, 3.13252859])"
887,Veterinary Associates Equine and Farm Ltd,"array([2.69251118, 2.89920021])"
888,Private Endodontic Practice,"array([2.63958256, 3.19139794])"
889,Kiwi Well Evaluation Ltd,"array([2.72368121, 3.06558359])"
890,Magritek Limited,"array([2.63911049, 3.09810621])"
891,Royal Society of New Zealand,"array([2.6029455 , 3.00396341])"
892,Chemipreneur Ltd.,"array([2.68876726, 2.94202433])"
893,MARS Bioimaging Ltd,"array([2.69202919, 3.07188739])"
894,Melanoma Unit,"array([2.54270811, 3.08092853])"
895,Compusoft Engineering Limited,"array([2.46648936, 3.12238564])"
896,Milner Consulting Ltd.,"array([2.54638326, 2.20563331])"
897,Orange Consulting,"array([2.66388844, 3.20168362])"
898,UltraMSK,"array([2.72568977, 3.1615561 ])"
899,Warehouse Stationery,"array([2.76746999, 2.93224267])"
900,SPAT NZ,"array([2.51065232, 2.95552318])"
901,Royal New Zealand College of General Practitioners,"array([2.60766079, 3.06182486])"
902,Animals and Marine Surveillance and Investigation Team,"array([2.61684566, 2.83648954])"
903,Mesynthes Ltd.,"array([2.686811  , 3.00364912])"
904,Bay Audiology,"array([2.78846842, 3.06100044])"
905,Foundation for Arable Research,"array([2.6309103 , 2.86384528])"
906,New Zealand Kiwi Foundation,"array([2.4831816 , 3.03706338])"
907,T and T Consulting,"array([2.47290825, 3.09820629])"
908,Midland MRI,"array([2.75219035, 2.8902323 ])"
909,Auckland Botanic Gardens,"array([2.67111508, 2.9440412 ])"
910,National Council of Women of New Zealand,"array([2.67699396, 2.96173439])"
911,Henderson Valley Primary School,"array([2.77959245, 2.94474723])"
912,Zespri International Ltd.,"array([2.63590658, 2.97255949])"
913,Pukekohe Veterinary Centre,"array([2.55619001, 2.99116038])"
914,Department of Conservation,"array([2.6515426 , 2.98417074])"
915,The Family Centre New Zealand,"array([2.78635666, 2.93722847])"
916,Blues Rugby Club,"array([2.17848804, 3.70337645])"
917,New Zealand Geotechnical Society Ine (NZGS),"array([1.83003213, 3.11385935])"
918,SubAntarctic Foundation for Ecosystems Research (SAFER),"array([2.67062814, 3.00246799])"
919,Auckland Council,"array([2.64845586, 2.99551524])"
920,Biosecurity New Zealand,"array([2.63395351, 2.89569426])"
921,Kiwikiwi Research and Evaluation Services,"array([2.61021063, 3.17625449])"
922,Auckland Astronomical Society,"array([2.55177006, 3.07833433])"
923,Takapuna Normal Intermediate School,"array([2.47561732, 3.04000573])"
924,New Zealand Gynaecological Cancer Foundation,"array([2.63072416, 3.14255967])"
925,Alexandra Lions Club,"array([2.72186374, 2.86787351])"
926,Project Litefoot Trust,"array([2.50786054, 3.26508746])"
927,Sportsmed,"array([2.68874081, 3.02250009])"
928,Mary Potter Hospice,"array([2.58806872, 2.99560622])"
929,Marshall Day Acoustics Ltd.,"array([2.66847308, 3.08311231])"
930,Katipo Communications,"array([3.43764911, 3.16055328])"
931,Makoura College,"array([2.78850629, 3.00931053])"
932,Quit Group,"array([2.642585  , 3.08566221])"
933,Solutionsplus,"array([2.65776013, 3.13389826])"
934,Health Alliance,"array([2.54759359, 3.07127706])"
935,South Wairarapa Veterinary Services,"array([2.53648956, 2.91418789])"
936,Bayleys Property Services,"array([2.4698043 , 3.04815908])"
937,The Virtual Institute of Statistical Genetics,"array([2.57486828, 3.01999851])"
938,Mangere Community Health Trust (Primary Health Organisation),"array([2.57708105, 3.09436233])"
939,Ministry of Health,"array([2.62219253, 3.04991995])"
940,Health New Zealand Ltd.,"array([2.63067578, 3.05030764])"
941,HodderBalog Social and Scientific Research,"array([2.76665617, 3.06909929])"
942,Forest and Bird,"array([2.58364747, 2.96278886])"
943,Ferndale School,"array([2.81367538, 3.08863624])"
944,The Kestral Group Ltd.,"array([2.69321786, 3.00645263])"
945,AsureQuality,"array([2.69073785, 2.96943145])"
946,Kowhai Health Trust,"array([2.55230838, 3.14583434])"
947,Land Information New Zealand,"array([2.67525809, 3.0250371 ])"
948,Terranova Seeds Ltd,"array([2.57026781, 2.94419204])"
949,ScottEconomics,"array([2.5190126 , 2.90255048])"
950,Central Stories Museum,"array([2.7389545 , 2.86245143])"
951,Seed Solutions,"array([2.5848815 , 2.85011442])"
952,Safekids New Zealand,"array([2.52081626, 3.08291858])"
953,ARH Construction,"array([2.46100328, 3.11402348])"
954,Bio Soil and Crop Ltd,"array([1.89344064, 2.67690741])"
955,Sense Medical Ltd,"array([2.71423687, 3.09093192])"
956,JRA (NZ) Ltd.,"array([2.47204724, 3.08924861])"
957,OMV New Zealand Ltd.,"array([2.71472781, 3.00972003])"
958,Ministry of Foreign Affairs and Trade,"array([2.66047202, 3.00826001])"
959,New Brighton Health Care,"array([2.6937437, 3.1236431])"
960,Canterbury Health Ltd,"array([2.63473028, 3.06302293])"
961,Hamilton Sacred Heart College for Girls,"array([2.76364481, 2.92143917])"
962,At the Vets,"array([2.54114416, 2.92205163])"
963,Real World Education Ltd.,"array([2.68438756, 2.86132334])"
964,Otorohanga Dental Surgery,"array([2.73638034, 3.17669489])"
965,Patients First,"array([2.64555004, 3.15015931])"
966,BC Consulting Ltd.,"array([2.74990286, 2.96529146])"
967,Bay of Plenty District Health Board,"array([2.6138461 , 3.05808812])"
968,Cashmere Health,"array([2.66015456, 3.18441008])"
969,Sapere Research Group,"array([2.63101461, 3.09706847])"
970,LWT Animal Nutrition Ltd.,"array([2.61771778, 2.85409291])"
971,Pioneer Generation Ltd.,"array([2.80342705, 2.99155   ])"
972,Christchurch Clinical Studies Trust,"array([2.5959881 , 3.24824035])"
973,Hospice New Zealand,"array([2.57759589, 3.0373697 ])"
974,Z Energy,"array([2.58625256, 3.13148952])"
975,Otago Computational Modelling Group Ltd.,"array([2.68399318, 3.05616098])"
976,Cadwallader Tree Consultancy,"array([2.78404398, 3.07866636])"
977,Arohanui Hospice,"array([2.60014013, 3.17348173])"
978,Callaghan Innovation,"array([2.66740883, 2.99681276])"
979,Solid Energy New Zealand Ltd,"array([2.65245313, 3.01167112])"
980,Agknowledge Ltd.,"array([2.64558286, 2.89874272])"
981,Eco Research Associates Ltd,"array([2.6531229 , 3.00450906])"
982,Food and Health Group,"array([2.60617544, 2.89318125])"
983,Asia New Zealand Foundation,"array([2.66462656, 3.01522373])"
984,Specialised Architecture Services Ltd,"array([2.79129614, 2.99109544])"
985,Digestive Health Services,"array([2.69754629, 3.11179325])"
986,Geoscience Consulting Ltd,"array([2.47122965, 3.11372462])"
987,CPG New Zealand Ltd.,"array([2.57169012, 2.83253452])"
988,The Aromatherapy Company,"array([2.4907723 , 3.05594375])"
989,Matamata Veterinary Services Ltd,"array([2.6933159 , 2.93053709])"
990,Compusoft Engineering Ltd.,"array([2.50943966, 3.12355833])"
991,Oral Health Centre,"array([2.63133501, 3.15604384])"
992,Warkworth Birthing Centre,"array([2.47680413, 2.97648892])"
993,Energy Solution Providers Ltd.,"array([2.58804365, 2.8870439 ])"
994,Pacific Brands,"array([2.45138826, 3.01423208])"
995,AECOM,"array([2.67580883, 3.05454048])"
996,Freshport NZ Ltd,"array([2.63363949, 2.88101611])"
997,Agribusiness Group,"array([2.6098797 , 2.97945568])"
998,Antarctic Heritage Trust,"array([2.76791449, 2.94302422])"
999,Nelson Forests Limited,"array([2.75629064, 2.98312912])"
1000,Medical Research Institute of New Zealand,"array([2.63025925, 3.0560203 ])"
1001,Tauranga City Council,"array([2.89076593, 2.94838332])"
1002,Nutrition Society of New Zealand,"array([2.74517573, 3.14016805])"
1003,IGENZ Ltd,"array([2.54458456, 3.05929264])"
1004,Whakauae Research,"array([2.61115828, 3.01969408])"
1005,International Student Ministries of New Zealand,"array([2.71638665, 3.08022955])"
1006,SUERC Radiocarbon Dating Laboratory,"array([2.73441571, 3.07490877])"
1007,Highnam Associates Ltd.,"array([2.49224233, 3.16430434])"
1008,Hyland Consultants,"array([2.74733611, 3.00241994])"
1009,Southern Clinical Trials Group Ltd.,"array([2.66882561, 3.13420318])"
1010,Marine Fisheries Research Services Limited,"array([2.65977693, 2.8904521 ])"
1011,Midland Regional Forensic Services,"array([2.5082877 , 3.14363573])"
1012,Alexandra Medical Centre,"array([2.70904768, 3.19344082])"
1013,Areograph Ltd.,"array([2.73167218, 3.10210983])"
1014,Wellington East Girls College,"array([2.66950804, 3.16915902])"
1015,Central and Southern New Zealand Craniofacial Program,"array([2.67433989, 3.08721249])"
1016,Royal New Zealand Plunket Society,"array([2.67418065, 3.04183048])"
1017,Assa Abloy New Zealand Ltd,"array([2.69334203, 3.17976292])"
1018,Intensive Care Flight Paramedic,"array([2.57498158, 3.1205583 ])"
1019,Te Rawhiti Community Mental Health Centre,"array([2.57307821, 3.16726118])"
1020,Planning Consultants Ltd,"array([2.59537686, 2.99404937])"
1021,Baxter Healthcare Limited,"array([2.60743529, 3.08045666])"
1022,Gallagher Animal Management Systems,"array([2.78673115, 2.91998853])"
1023,Workbase Education Trust,"array([2.46088381, 3.0483289 ])"
1024,Agrimm Technologies Ltd,"array([2.62211709, 2.86851741])"
1025,Litmus,"array([2.62963685, 3.09072514])"
1026,New Zealand Antarctic Institute,"array([2.80580317, 3.08127654])"
1027,Heretaunga Health,"array([2.55197732, 3.11787815])"
1028,Skin Specialist Centre,"array([2.51019215, 3.04688089])"
1029,Fresenius Medical Care Australia Pty Ltd (New Zealand Branch),"array([2.54564274, 3.10285485])"
1030,Q-Bit Ltd.,"array([2.71574982, 2.98039381])"
1031,Langimalie Tongan Health Centre,"array([2.54946839, 3.17856102])"
1032,Matamata Medical Centre,"array([2.52988271, 3.04958947])"
1033,New River Ltd,"array([2.726079 , 3.1510344])"
1034,Seeka Kiwifruit Industries,"array([2.62284126, 2.97273527])"
1035,Radiata Pine Breeding Company,"array([2.79737765, 2.90035777])"
1036,Royal Forest and Bird Protection Society of New Zealand,"array([2.61134254, 2.98588597])"
1037,Motu Economic and Public Policy Research,"array([2.65389287, 2.99311836])"
1038,GHD Limited,"array([2.1410477 , 2.36549005])"
1039,Inglewood Veterinary Services,"array([2.61676825, 2.90255606])"
1040,Foundation for Research Science and Technology,"array([2.52666418, 2.90941758])"
1041,Te Puni Kokiri,"array([2.6476185 , 3.04026421])"
1042,KVB Kunlun New Zealand Limited,"array([2.56913802, 2.87583781])"
1043,Carter National Observatory,"array([2.74017671, 3.05167002])"
1044,River Engineering,"array([2.66493814, 2.8629188 ])"
1045,Intus Digestive and Colorectal Care,"array([2.74486351, 3.14997031])"
1046,RuralLink,"array([2.75955919, 2.91104593])"
1047,Ako Aotearoa National Centre for Tertiary Teaching Excellence,"array([2.77741983, 3.03167513])"
1048,Alliance Group Ltd,"array([2.66165653, 2.87176091])"
1049,Quarantine Scientiic Limited,"array([2.51799721, 2.86374353])"
1050,Bioactives Research New Zealand,"array([2.58002826, 3.01077628])"
1051,Whisper Tech. Ltd.,"array([2.79989942, 3.09939253])"
1052,Otahuhu College,"array([2.60056752, 3.11312037])"
1053,Children's Specialist Centre,"array([2.72800153, 3.12088397])"
1054,Fruition Technology,"array([2.66890466, 2.8169136 ])"
1055,South Link Health Inc.,"array([2.7104071 , 3.18156816])"
1056,MBCentury Ltd,"array([2.50315462, 3.17034566])"
1057,Allen & Clarke  Policy and Regulatory Specialists Limited,"array([2.63818355, 3.03353991])"
1058,Meditrina Ltd,"array([2.59603694, 3.14480988])"
1059,CRESA,"array([2.8124753 , 2.99673221])"
1060,Methanex,"array([2.60007733, 2.94838774])"
1061,Adidas Sports Medicine,"array([2.49041857, 3.14022332])"
1062,Fauna Finders,"array([2.70223173, 2.89883286])"
1063,Health Partners Consulting Group,"array([2.60371102, 3.09693677])"
1064,Kina Families and Addictions Trust,"array([2.59614948, 3.01759258])"
1065,City Care Ltd,"array([2.79849106, 3.1176486 ])"
1066,Westland Milk Products,"array([2.58554959, 2.91106831])"
1067,Disability Resource Centre,"array([2.51008757, 3.02300866])"
1068,PlusGroup Limited,"array([2.61876693, 2.91779845])"
1069,Auckland City Mission,"array([2.59386498, 2.96622338])"
1070,New Zealand Sports Turf Institute,"array([2.54632153, 2.86745333])"
1071,Science Haven,"array([2.57801292, 2.87767419])"
1072,Biometrics Matters Ltd,"array([2.56199802, 3.05612796])"
1073,Parresia Research Limited,"array([2.43950959, 3.04875508])"
1074,Resilient Organisations,"array([2.65427095, 3.11107904])"
1075,North Shore International Academy,"array([2.66498091, 2.90814563])"
1076,Auckland Transport,"array([2.45214497, 3.08724045])"
1077,AP EnerTec Ltd.,"array([3.32451219, 2.58199357])"
1078,Prohealth Physiotherapy Ltd,"array([2.66642451, 3.15111233])"
1079,Truffles and Mushrooms Ltd.,"array([2.49220582, 2.90885224])"
1080,JRL Consulting Ltd.,"array([2.70687403, 2.88901869])"
1081,NetValue,"array([2.66408736, 3.83911207])"
1082,Catch Ltd.,"array([2.46194694, 3.06541539])"
1083,Te Wahanga Kaupapa Maori,"array([2.7052597 , 3.02907697])"
1084,SciCon Scientific Consultants,"array([2.6543649, 2.7791484])"
1085,Endoscopy Auckland,"array([2.51910109, 3.07331391])"
1086,New Zealand Cot Death Association,"array([2.49738804, 3.02341395])"
1087,CIGNA Health,"array([2.57948951, 3.1872703 ])"
1088,Toko Primary School,"array([2.78696416, 2.94959191])"
1089,TaPasefika PHO,"array([2.5521866 , 3.09715377])"
1090,Natural Resource Assessors,"array([2.69404402, 2.99740111])"
1091,Midwifery Council of New Zealand,"array([2.70220034, 3.05637291])"
1092,Staples Rodway,"array([2.66287183, 3.12609494])"
1093,Bickler Consultants Ltd.,"array([2.65544443, 3.0426596 ])"
1094,St Joseph's Healthcare,"array([2.50093964, 3.00371401])"
1095,Southern Rehabilitation Institute,"array([2.6797954 , 3.19151956])"
1096,Canterbury Civil Defence and Emergency Management Group,"array([2.71112772, 3.12206006])"
1097,Wakefield Clinic,"array([2.69682596, 3.04814297])"
1098,Epi-interactive,"array([2.6036522 , 3.01715796])"
1099,ASR Limited Martine Consulting and Research,"array([2.65706108, 2.94670772])"
1100,Urtica Inc. Ecological Monitoring and Consultancy,"array([2.65370317, 2.92312861])"
1101,Millar Instruments,"array([2.56066037, 3.0279577 ])"
1102,Epsom Girls Grammar School,"array([2.48988458, 3.10099501])"
1103,Ryder Consulting Ltd,"array([2.59566895, 3.00360414])"
1104,Oamaru Hospital,"array([2.69954454, 3.15591743])"
1105,Manukau SuperClinic,"array([2.4490567 , 3.07816444])"
1106,Mt. Albert Psychological Services Ltd,"array([2.67244941, 2.90189394])"
1107,AgriHealth NZ Limited,"array([2.48316807, 2.88329716])"
1108,Parkinson's New Zealand,"array([2.4564813 , 3.10525327])"
1109,Radio Spectrum Management,"array([2.75410621, 3.05350434])"
1110,Saltwater Science Ltd,"array([2.72014475, 3.03665226])"
1111,Kaikoura Ocean Research Institute Inc.,"array([2.56434485, 2.99527707])"
1112,SAFE Programme,"array([2.54676709, 3.15746651])"
1113,Warkworth Veterinary Services,"array([2.58242166, 2.92043512])"
1114,Cancer Control Council of New Zealand,"array([2.58713902, 3.02534961])"
1115,Hutt Valley High School,"array([2.71974716, 3.12616012])"
1116,Compass Health,"array([2.61492064, 3.09883339])"
1117,Elite Beauty Therapy School,"array([2.56486148, 3.17182777])"
1118,Counties Manukau District Health Board,"array([2.59662629, 3.06400344])"
1119,Learning for Sustainability,"array([2.65076856, 2.97025578])"
1120,Eltham District Veterinary Services,"array([2.59504539, 2.9352026 ])"
1121,Waikato Occupational Services Ltd,"array([2.6067165 , 3.02399018])"
1122,National Addiction Centre,"array([2.71889725, 3.13720627])"
1123,Tararua Veterinary Services Ltd,"array([2.54884083, 2.84615972])"
1124,St Mary's College,"array([2.77314909, 3.05007833])"
1125,Future Steps,"array([2.65679567, 3.09414237])"
1126,Atkinson and Rapley Consulting,"array([2.56533532, 2.84958461])"
1127,Northern Cancer Network,"array([2.53541391, 3.12261025])"
1128,Public Policy and Research Ltd,"array([2.82000566, 3.00415739])"
1129,Northern Regional Alliance,"array([2.66692854, 3.06012119])"
1130,New Zealand Aluminium Smelters Limited,"array([2.52529258, 3.17625928])"
1131,FutureMATH Ltd.,"array([2.68181558, 3.22190961])"
1132,Anexa FVC,"array([2.58078752, 2.94460101])"
1133,Veterinary Clinical Pathology Ltd,"array([2.46163656, 2.92700998])"
1134,Ministry for the Environment,"array([2.66078561, 2.99313613])"
1135,DaVinci Clinic,"array([2.52049057, 3.1977682 ])"
1136,NIU Development Incorporated,"array([2.55474633, 2.98366978])"
1137,Diabetes Otago Inc,"array([2.63901256, 3.18119235])"
1138,Chemistry Communications,"array([2.54245322, 3.1288977 ])"
1139,Timberlands Ltd.,"array([2.79105881, 2.8906778 ])"
1140,Techion Group Limited,"array([2.69990794, 3.14695867])"
1141,Antarctica New Zelaand,"array([2.71110035, 2.99324398])"
1142,Interpine Forestry Ltd,"array([2.73061863, 2.93559124])"
1143,Leather & Shoe Research Association of New Zealand,"array([2.65418228, 2.90821076])"
1144,Polybatics Ltd.,"array([2.66319665, 2.94145382])"
1145,Tipa and Associates Ltd.,"array([2.74504436, 2.8991959 ])"
1146,Transfeld Worley Limited,"array([2.47108496, 3.0228699 ])"
1147,Canterbury Rugby Football Union and Crusaders,"array([2.70016336, 2.94859397])"
1148,Alan Bell and Associates,"array([2.71661268, 2.94510054])"
1149,Vetlife Temuka,"array([2.57078731, 2.85808593])"
1150,Animal Health Board New Zealand,"array([2.61829763, 2.94841569])"
1151,MSD Animal Health Ltd,"array([2.61552286, 2.88495845])"
1152,AbacusBio Ltd.,"array([2.63176872, 2.95328767])"
1153,New Zealand Blood Service,"array([2.6366914 , 3.06873634])"
1154,Taylor Baines and Associates,"array([2.54636003, 2.90082796])"
1155,Nurse Maude Association,"array([2.70039598, 3.06915891])"
1156,Siemens Healthcare,"array([2.53935459, 3.18478672])"
1157,Whakawhiti Ora Pai Community Health Services,"array([2.50443873, 3.06642588])"
1158,Tiakina Te Taiao Ltd,"array([2.7008305 , 2.90913917])"
1159,Te Kura Kaupapa Maori O Te Koutu,"array([2.50443005, 3.15189424])"
1160,Reveal Infrastructure Ltd.,"array([2.12422504, 2.3785786 ])"
1161,Auckland District Health Board,"array([2.59433457, 3.07942097])"
1162,Perinatal and Maternal Mortality Review Committee,"array([2.59960681, 3.07616181])"
1163,Wairakei Research Station,"array([2.45658503, 3.07178414])"
1164,PSL Limited,"array([2.65737123, 2.81590832])"
1165,Auckland Zoo,"array([2.61911579, 3.01960003])"
1166,Carroll Consulting ltd,"array([2.64952031, 2.9165759 ])"
1167,Nutrigenomics New Zealand,"array([2.60691534, 2.99093044])"
1168,New Zealand Institute of Chartered Accountants,"array([2.64770168, 2.84858032])"
1169,Acurity Health Group ltd.,"array([2.62901517, 3.07152288])"
1170,Ngati Rangi Trust,"array([2.51716395, 2.91308869])"
1171,David Penman and Associates,"array([2.66036763, 2.82726033])"
1172,Kenex Ltd,"array([3.23112354, 2.46097178])"
1173,Poyry Management Consulting (NZ) Ltd.,"array([2.74522596, 2.9579851 ])"
1174,Assurity Consulting Ltd,"array([2.46536955, 2.97477493])"
1175,Hyperbaric Health,"array([2.58958244, 3.08417591])"
1176,Dumpark Data Science,"array([2.8229582 , 2.87149472])"
1177,Optimal Clinical Trials,"array([2.68188654, 3.09132358])"
1178,Ministry of Business Innovation and Employment,"array([2.68067072, 2.99225464])"
1179,Inclusive Education Action Group,"array([2.49440719, 3.10802323])"
1180,FuturebyDesign Ltd.,"array([2.62500671, 3.08519244])"
1181,Aranui High School,"array([2.61074544, 2.91051025])"
1182,Karori Sanctuary Trust,"array([2.62535109, 2.93220895])"
1183,The Salvation Army,"array([2.49400211, 3.13205747])"
1184,Dunedin South Veterinary Clinic,"array([2.56798197, 2.84122319])"
1185,Redpanther Research,"array([2.94559929, 3.77687135])"
1186,Enigma Publishing Ltd.,"array([2.53682518, 3.05525791])"
1187,Chatham Rock Phosphate Ltd.,"array([3.216556  , 2.44572486])"
1188,Donald Beasley Institute,"array([2.67608108, 3.01429595])"
1189,Ministry of Consumer Affairs,"array([2.56410325, 2.9770686 ])"
1190,Port Otago Ltd,"array([2.84134874, 2.98801755])"
1191,Inland Revenue,"array([2.710097  , 2.96886317])"
1192,QStar Solutions Ltd.,"array([2.7675854 , 3.03231074])"
1193,New Zealand Institute of Economic Research,"array([2.62565249, 3.02946032])"
1194,Cognition Education Limited,"array([2.50208901, 3.05594088])"
1195,Alcohol Advisory Council of New Zealand,"array([2.5179543 , 2.97625887])"
1196,Whitford Wildbird Care Centre,"array([2.63786412, 3.04741263])"
1197,SolNet Solutions Limited,"array([2.53128749, 3.00749681])"
1198,Otago Girls High School,"array([2.61300515, 3.02579258])"
1199,Mulgor Consulting Ltd.,"array([2.74531019, 2.94643196])"
1200,DCM Process Control Ltd.,"array([2.48115448, 3.02806914])"
1201,Midlands Health Network,"array([2.55147204, 3.06345344])"
1202,Rangiora New Life School,"array([2.73154219, 3.09326013])"
1203,Bream Bay Medical Centre,"array([2.53708146, 3.13991715])"
1204,Agri-Search Ltd,"array([2.6986355 , 2.82486994])"
1205,NZ Parsa Tiling Limited,"array([2.77500917, 3.08798352])"
1206,Bunnythorpe School,"array([2.70948028, 2.85025342])"
1207,Connovation Ltd.,"array([2.62520086, 2.98040241])"
1208,Wildlife Management International Limited,"array([2.59962897, 2.98728938])"
1209,PA Handford and Assoc. Ltd.,"array([2.7295316 , 2.90935761])"
1210,Microfossil Research Ltd,"array([2.63470862, 2.99533983])"
1211,Special Education,"array([2.79141578, 2.92870536])"
1212,Beef and Lamb New Zealand,"array([2.58080199, 2.99715362])"
1213,Te Wananga O Aotearoa,"array([2.6271333, 2.8349986])"
1214,New Zealand Organisation for Rare Disorders (NZORD),"array([2.66874609, 3.19068122])"
1215,Brownrigg Agriculture,"array([2.69380414, 2.87679964])"
1216,New Zealand Institute for Advanced Study,"array([2.62738062, 2.85359802])"
1217,Intensive Care Services,"array([2.51297504, 3.05660763])"
1218,Central Otago Tourism,"array([2.70939535, 3.16007311])"
1219,InterAg,"array([2.61312986, 2.95774738])"
1220,New Zealand Nurses Organisation,"array([2.58207827, 3.05858091])"
1221,Te Waipuna Puawai,"array([2.56142579, 2.8311188 ])"
1222,CanZealand Geoscience Ltd,"array([2.81252838, 2.95593641])"
1223,Upland Research,"array([2.73349066, 2.85070616])"
1224,PharmTech Service Limited,"array([2.56800732, 3.02586239])"
1225,Biodiscovery New Zealand Ltd.,"array([2.61858685, 2.98413643])"
1226,Auckland Breast Centre,"array([2.6094    , 3.19854898])"
1227,DeerNZ,"array([2.49222755, 2.91970697])"
1228,CAL Engineering Management,"array([2.74197079, 3.01068394])"
1229,UCOL,"array([2.60407785, 2.94065692])"
1230,Agencies for Nutrition Action,"array([2.67950248, 3.16515051])"
1231,TechPro Plus Ltd.,"array([2.65032916, 3.09538605])"
1232,Think Consultancy Company,"array([2.62064256, 2.82724837])"
1233,Vitec Nutrition Limited,"array([2.60748331, 2.90137195])"
1234,Northern Southland Veterinary Services,"array([2.47753765, 2.90985139])"
1235,MWH New Zealand Ltd,"array([2.66810323, 3.09380346])"
1236,Trinity Bioactives Ltd,"array([2.63350888, 3.03845494])"
1237,Contact Energy Ltd.,"array([2.72378454, 3.01077068])"
1238,Doctors for Sexual Abuse Care,"array([2.67145534, 3.11691631])"
1239,Northpower,"array([2.81131444, 3.81965728])"
1240,Lincolne Scott Ltd.,"array([2.77907421, 3.12763818])"
1241,Department of Corrections,"array([2.79035966, 3.1263346 ])"
1242,Napier City Council,"array([2.05108208, 3.59877169])"
1243,Jackett Consulting,"array([2.80873083, 3.00813556])"
1244,Streamlined Environmental,"array([2.73570066, 2.89845349])"
1245,Kidney Health New Zealand,"array([2.61258342, 3.09155145])"
1246,BikeNZ,"array([2.77066877, 3.09667029])"
1247,New Zealand Breastfeeding Authority,"array([2.75564504, 3.06353238])"
1248,New Zealand Timberlands Ltd,"array([2.77687563, 3.16748943])"
1249,UUNZ,"array([2.50038018, 2.95177733])"
1250,Coastal Systems (NZ) Ltd.,"array([2.72484848, 2.89955317])"
1251,Paraparaumu College,"array([2.66945783, 3.00984992])"
1252,Southern Monitoring Services New Zealand BioSecure,"array([2.65385297, 2.87566083])"
1253,All Seasons Pharmacy,"array([2.49219447, 3.03921306])"
1254,Disability Connect,"array([2.50961403, 3.10392299])"
1255,Hernia Clinic,"array([2.75071104, 3.10767167])"
1256,Henderson Medical Centre,"array([2.59779424, 3.08955389])"
1257,Whitehouse Associates,"array([2.51601528, 3.12779321])"
1258,Eye Institute,"array([2.52113723, 3.09213321])"
1259,International Animal Welfare Consultants Limited,"array([2.52669238, 2.87492509])"
1260,N-Squared Software,"array([2.64421014, 3.09184791])"
1261,MacMurray Hypertension Clinic Ltd,"array([2.56924521, 3.1399701 ])"
1262,Julian King and Associates Limited,"array([2.59425937, 3.16194728])"
1263,Open Polytechnic of New Zealand,"array([2.65532857, 3.02261862])"
1264,Travel Clinic,"array([2.64851836, 3.23376454])"
1265,Devon Medical Centre,"array([2.60202015, 3.18431165])"
1266,Intellectual Property Office of New Zealand,"array([2.62225612, 2.90966927])"
1267,Straven Road Veterinary Centre,"array([2.69041506, 2.80863361])"
1268,Wentz Pacific Limited,"array([2.71778531, 2.89331178])"
1269,Structural Engineering Society New Zealand Inc,"array([1.82372176, 3.09367515])"
1270,Aquatic Research Solutions Ltd.,"array([2.72383469, 2.98230135])"
1271,Mighty River Power Ltd.,"array([2.7040674 , 3.01990838])"
1272,Dunedin City Council,"array([2.70759187, 3.0840169 ])"
1273,North Canterbury Veterinary Clinics,"array([2.51528048, 2.92347299])"
1274,Capital Research,"array([2.65000791, 3.12947902])"
1275,Powerhouse Ventures Ltd,"array([2.72297738, 3.08737104])"
1276,Southern District Health Board,"array([2.62218554, 3.05581198])"
1277,Ministry for Primary Industries,"array([2.64304814, 2.95913494])"
1278,Refugee Services,"array([3.09714717, 3.6935785 ])"
1279,Davidson Environmental Ltd.,"array([2.62167498, 2.99383108])"
1280,Trades Training Te Tapuae O Rehua,"array([2.74138189, 3.08253846])"
1281,DM Consultants,"array([2.57480722, 2.98248566])"
1282,West View Pharmacy,"array([2.59275894, 3.18543513])"
1283,Dragonfly Ltd.,"array([2.67700621, 2.97085954])"
1284,Te Rau Matatini,"array([2.54651203, 2.98219616])"
1285,Health Care Aotearoa,"array([2.78656102, 3.08762734])"
1286,New Zealand Research Centre for Urban Ecology,"array([2.7015935 , 2.92481655])"
1287,Ministry of Transport,"array([2.74920101, 3.07356721])"
1288,AgResearch,"array([2.65261127, 2.93072317])"
1289,Whangarei Heads Landcare Forum,"array([2.67214698, 2.8763519 ])"
1290,Active Health,"array([2.75495293, 3.1205518 ])"
1291,Whanganui Regional Museum,"array([2.73730404, 2.99153739])"
1292,Totally Vets Ltd,"array([2.53033261, 2.85574503])"
1293,Medlab Central,"array([2.57868638, 3.02716664])"
1294,ECoast Limited,"array([2.75339562, 2.92182194])"
1295,Auckland-Waikato Fish and Game Council,"array([2.78014761, 3.0152776 ])"
1296,Coast to Coast Health Centre,"array([2.60364489, 3.20868698])"
1297,Penny and Associates Ltd,"array([2.57331907, 3.07728985])"
1298,MAGAK,"array([2.74722771, 2.99232512])"
1299,Civil Aviation Authority,"array([2.53663087, 2.97176281])"
1300,Nelson Marlborough Regional Council,"array([2.68550511, 2.93348576])"
1301,Forensic and Industrial Science Ltd,"array([2.48242724, 3.05645774])"
1302,Stuart Barnes Optical Design,"array([2.74965759, 3.02585513])"
1303,Heritage New Zealand Pouhere Taonga,"array([2.44679506, 3.10476724])"
1304,Wellington City Council,"array([2.64169327, 2.99450917])"
1305,Statistics New Zealand,"array([2.65507516, 2.9989327 ])"
1306,Farm Cove Observatory,"array([2.6157834 , 3.00530685])"
1307,Summit-Quinphos (NZ) Ltd,"array([2.70431577, 2.9573149 ])"
1308,Canterbury Museum,"array([2.66048343, 3.00074364])"
1309,Office of the Prime Minister's Chief Science Advisor,"array([2.6785701 , 2.82018094])"
1310,Ade Consultants,"array([2.52954141, 3.15660488])"
1311,Child and Youth Health,"array([2.55019353, 3.11063317])"
1312,Topajka Shaw Consulting Limited,"array([2.70215446, 3.17666207])"
1313,Bennett Scientific,"array([2.69255222, 3.05451773])"
1314,Dairy Consultants Ltd.,"array([2.56129924, 2.92100564])"
1315,Tru-Test Limited,"array([2.44118902, 3.08463002])"
1316,Fox and Associates-Consulting Surveyors,"array([2.76299417, 3.00953425])"
1317,Telecom New Zealand Ltd,"array([2.75116253, 3.04561854])"
1318,Fern Research Foundation,"array([2.73608128, 2.98053849])"
1319,Deepwater Group Ltd,"array([2.72107082, 2.92674305])"
1320,Bruce Shallard and Associates,"array([2.95957174, 2.26866389])"
1321,DEA Research Software Surgery Ltd.,"array([2.51330901, 3.15168383])"
1322,Southern Institute of Technology,"array([2.69034415, 3.18945   ])"
1323,Ministry for Primary Industry,"array([2.70947593, 3.0500547 ])"
1324,Holmes Consulting Group,"array([2.67743905, 3.00176741])"
1325,BRANZ Ltd.,"array([2.70645385, 3.00851749])"
1326,GroPlus Ltd.,"array([1.90410786, 2.65828336])"
1327,Manaaki Te Awanui,"array([2.60803842, 2.96315427])"
1328,Broken Hills Gold Co,"array([2.54262957, 3.14911652])"
1329,Spinal Cord Society New Zealand,"array([2.76447884, 2.98671025])"
1330,Colin Christian Ltd.,"array([2.69042203, 3.16130159])"
1331,Wairarapa Alcohol and Drug Service,"array([2.6316705 , 3.10555399])"
1332,Albany Basin Accident and Medical Centre,"array([2.59088836, 3.20837375])"
1333,Inner Zest Ltd.,"array([2.53358425, 3.14872595])"
1334,Positive Thinking Ltd,"array([2.4832716 , 3.15720545])"
1335,Southern Paprika Limited,"array([2.51959088, 2.85031063])"
1336,Synapt Consulting Limited,"array([2.72837939, 2.97412678])"
1337,NorthTec,"array([2.66198793, 2.95887564])"
1338,Refugees as Survivors New Zealand,"array([2.52844215, 3.08931755])"
1339,Diversity NZ,"array([2.52564425, 3.0236289 ])"
1340,Tu Kotahi Maori Asthma Trust,"array([2.61108885, 3.01309686])"
1341,FitzRoy of Merivale,"array([2.73949129, 2.97166759])"
1342,Veterinary Services Hawke's Bay Ltd.,"array([2.53730901, 2.87092177])"
1343,Harris Consulting,"array([2.69245672, 2.90915213])"
1344,Compac Sorting Equipment Ltd.,"array([2.5213873 , 2.98495606])"
1345,Skin Dermatology Institute,"array([2.51792801, 3.05027671])"
1346,Lewis and Barrow Ltd.,"array([2.73230957, 3.00594852])"
1347,Catmed,"array([2.66882536, 2.89108483])"
1348,Hawke's Bay Regional Council,"array([2.64791924, 2.96358735])"
1349,Spotswood College,"array([2.77911038, 3.00561255])"
1350,Eaton Power Quality Ltd.,"array([2.81650036, 3.07922077])"
1351,Seradigm Limited,"array([2.71630966, 2.85862118])"
1352,The Busy Nice,"array([2.47279877, 3.03171274])"
1353,Te Taiwhenua o Heretaunga,"array([2.52143   , 2.94199132])"
1354,Walnut Industry Group,"array([2.51483789, 2.87459224])"
1355,New Zealand AIDS Foundation,"array([2.58962441, 3.10127695])"
1356,Breast Care and Screening Services,"array([2.51986946, 3.03809561])"
1357,Youth Specialty Service,"array([2.68703564, 3.19947859])"
1358,PLANTwise Services Ltd,"array([2.63378335, 2.77672809])"
1359,Geothermal Engineering Ltd,"array([2.497435  , 3.08530806])"
1360,Victoria University of Wellington,"array([2.6817245 , 3.02091606])"
1361,Optimal Sports,"array([2.5417933 , 2.96154708])"
1362,Sextant Technology Ltd.,"array([2.67366807, 2.93537507])"
1363,IAG,"array([2.80862361, 3.07072823])"
1364,Center for Backyard Astrophysics,"array([2.57115122, 2.96002841])"
1365,Hauora Waikato Group,"array([2.54959281, 2.99867985])"
1366,Information Technology Research Ltd,"array([2.50379848, 2.97323065])"
1367,Environmental Restoration Ltd,"array([2.76346226, 2.87711406])"
1368,Centennial Health,"array([2.70111988, 3.18679312])"
1369,Dobbie Engineers Ltd.,"array([2.73358967, 3.22678663])"
1370,Lucas Industries (NZ) Ltd.,"array([2.47610711, 3.10656698])"
1371,Huntly Community Link,"array([1.91122589, 3.40978216])"
1372,Kia Maia Ltd.,"array([3.44342391, 2.91524072])"
1373,Te Reo a Taiao Ngati Raukawa Environmental Resource Unit Charitable Trust,"array([2.61147608, 2.84625276])"
1374,New Zealand Agricultural Greenhouse Gas Research Centre,"array([2.70866226, 2.95027604])"
1375,New Zealand Homebased Early Childhood Education Association,"array([2.70879518, 3.07423325])"
1376,FullSpectrum Ltd.,"array([2.77757994, 2.96133524])"
1377,GHD Centre Level Napier St.,"array([2.50212904, 3.12754307])"
1378,Environmental Management Services,"array([2.80586173, 2.97790366])"
1379,Waitakere Union Health Centre,"array([2.65302433, 3.14415109])"
1380,Manaia Health Primary Health Organisation,"array([2.54264617, 3.04912516])"
1381,New Zealand Qualifications Authority,"array([2.77127774, 3.013392  ])"
1382,Maori Pharmacists Association,"array([2.6156186 , 3.10831769])"
1383,ULTI Pharmaceuticals,"array([2.56940542, 2.97136321])"
1384,Foot Science International Ltd.,"array([2.72711722, 3.14207439])"
1385,Ectus Ltd,"array([2.7568698 , 2.90123326])"
1386,World Wide Fund For Nature New Zealand,"array([2.75684297, 2.93174955])"
1387,Christchurch City Council,"array([2.6877385 , 2.99680771])"
1388,Waitemata Specialist Centre,"array([2.59783881, 3.1982501 ])"
1389,Steel Construction New Zealand Inc.,"array([2.65474284, 3.10306183])"
1390,Springer Healthcare,"array([2.44712782, 3.05732728])"
1391,Wellington Institute of Technology,"array([2.64385499, 3.0158424 ])"
1392,Rauawaawa Kaumatua Charitable Trust,"array([2.57663966, 3.08551227])"
1393,Wellington International Airport Limited,"array([2.52867738, 2.8654733 ])"
1394,Amity Health Centre,"array([2.65139534, 3.17828965])"
1395,AFT Pharmaceuticals Ltd,"array([2.6386963 , 3.11987616])"
1396,Centre for Research Evaluation and Social Assessment,"array([2.81928721, 2.98822166])"
1397,GEOKEM,"array([2.73302947, 3.02984787])"
1398,Insect Science Solutions,"array([2.66423206, 2.88195393])"
1399,Cancer Society of New Zealand,"array([2.64861355, 3.05820393])"
1400,International Earth Sciences IESE Ltd.,"array([2.66347532, 3.0483194 ])"
1401,Horizons Regional Council,"array([2.65466507, 2.95591394])"
1402,Aqualinc Research Ltd.,"array([2.6735636 , 2.99404149])"
1403,Pyrotek,"array([2.71628651, 3.05843702])"
1404,GF McLaren Research Limited,"array([2.48921357, 2.89693762])"
1405,Omahu Urology Clinic,"array([2.67960148, 3.109244  ])"
1406,Aquaculture New Zealand,"array([2.67893551, 2.98037163])"
1407,Golden Bay Cement,"array([2.50178856, 3.13645001])"
1408,New Zealand Employment Service and Work and Income New Zealand,"array([2.89733699, 3.09544128])"
1409,Selwyn Rakaia Vet Services,"array([2.70634392, 2.85996843])"
1410,Pacific Women's Health Research and Development Unit,"array([2.56514102, 3.07726903])"
1411,Nelson Marlborough Fish and Game,"array([2.71237976, 3.02674065])"
1412,Toitu Te Whenua,"array([2.69812197, 3.19693434])"
1413,Mission Heights Primary School,"array([2.71708806, 2.91745104])"
1414,Marlborough Wine Research Center,"array([2.60148113, 2.95794124])"
1415,KEA Consultant,"array([2.8318467, 3.8147648])"
1416,Zelam Limited,"array([2.60165246, 2.96660168])"
1417,Office of Hon Steven Joyce,"array([2.5319819 , 2.88886583])"
1418,Uscom,"array([2.53610535, 3.02846209])"
1419,ProCare Health Limited,"array([2.57624621, 3.11265516])"
1420,Wind Farm Developments Ltd.,"array([2.59248565, 2.81991528])"
1421,Millenium Institute of Sport and Health,"array([2.44050179, 2.97963966])"
1422,Sanders Consulting Ltd.,"array([2.61737425, 3.01310211])"
1423,Quintessence Developments Ltd.,"array([2.75044021, 3.0951364 ])"
1424,Biomarine Ltd.,"array([2.46633506, 3.03905605])"
1425,Wellington Regional Plastic,"array([2.65931012, 3.17329941])"
1426,Global Public Health Company Ltd,"array([2.61069561, 3.05061285])"
1427,Potter Building Services Ltd.,"array([2.55261138, 2.96741838])"
1428,Fonterra,"array([2.62857281, 2.99226078])"
1429,Northcott Research Consultants Ltd.,"array([2.64707368, 2.98850967])"
1430,National Association of Steel-Framed Housing Inc,"array([2.59162408, 3.15339037])"
1431,Tauranga Boys' College,"array([2.63789393, 2.83397322])"
1432,New Zealand Forestry Ltd,"array([2.7627603 , 2.89027613])"
1433,LeaderBrand Produce Ltd.,"array([2.51007018, 2.89769031])"
1434,R and D Insight,"array([2.52061056, 3.23288443])"
1435,Pipfruit New Zealand,"array([2.59826463, 2.89922005])"
1436,NaeNae Medical Centre,"array([2.56016169, 3.06482938])"
1437,Waikato Breast Cancer Trust,"array([2.52792273, 3.03339191])"
1438,New Zealand Institute of Natural Medicines,"array([2.47523432, 2.96617146])"
1439,Kumeu Observatory,"array([2.62486544, 3.02148274])"
1440,Priestley Structural Engineering,"array([2.66566189, 3.07553578])"
1441,Independent Petroleum Laboratory,"array([2.52863261, 2.98847585])"
1442,Hush Interiors Ltd,"array([2.7907915 , 3.09561556])"
1443,Carey Baptist College,"array([2.46297547, 3.03009945])"
1444,Inner City Women's Group,"array([2.47055116, 3.08101851])"
1445,Columba College,"array([2.64941062, 3.18754509])"
1446,STOP Adolescent Programme,"array([2.80947085, 3.09788266])"
1447,FMR GROUP LTD,"array([2.55158626, 2.92149495])"
1448,Wrybill Birding Tours,"array([2.7195334, 2.9540689])"
1449,Neuren Pharmaceuticals,"array([2.50178907, 3.16079474])"
1450,Genetic Technologies Ltd.,"array([2.55008189, 2.89206742])"
1451,Southern Cross Hospital,"array([2.69038999, 3.10628078])"
1452,Kiwi Wildlife,"array([2.75395805, 2.95434814])"
1453,Pan Pac Forest Products,"array([3.31296794, 2.56440309])"
1454,Youth Horizons Trust,"array([2.48960628, 3.08110646])"
1455,Child Poverty Action Group,"array([2.48023669, 3.08233517])"
1456,GISMAPED,"array([1.82280288, 2.89743769])"
1457,Southern Veterinary Centre,"array([2.75071292, 2.84244479])"
1458,Quigley and Watts Ltd.,"array([2.70849289, 3.11180495])"
1459,Ornithological Society of New Zealand,"array([2.6758345 , 2.98699427])"
1460,Canterbury Soil and Plant Limited,"array([2.67529481, 2.8670791 ])"
1461,Dunedin Heat Pumps Limited,"array([2.64391936, 3.17215922])"
1462,Ngati Whakaue Tribal Lands Inc,"array([2.75299675, 2.86069494])"
1463,Tauranga Urology Research,"array([2.59659324, 3.09826951])"
1464,Tai Tamariki Kindergarten,"array([2.80357034, 2.94587488])"
1465,Christchurch Vascular Group,"array([2.69971957, 3.07819933])"
1466,Tamatea Tairawhiti Limited,"array([2.48833736, 3.08967967])"
1467,Auckland Surgical Centre,"array([2.56921124, 3.18350095])"
1468,CRL Energy Ltd.,"array([2.72417846, 3.05432841])"
1469,The Correspondence School,"array([2.78947603, 3.01881998])"
1470,Canterbury Medical Imaging,"array([2.71755223, 2.99911858])"
1471,Rolleston Veterinary Clinic,"array([2.61082565, 2.99717895])"
1472,Practitioners First Limited,"array([2.5860504, 3.1447092])"
1473,STRATUM Ltd,"array([2.56743521, 3.0869797 ])"
1474,Queens Academic Group,"array([2.50135714, 3.10056942])"
1475,NZX Limited,"array([2.43977865, 3.07286002])"
1476,Kono Seafood,"array([2.72477386, 2.88152839])"
1477,Institution of Professional Engineers New Zealand,"array([2.55251948, 3.0233101 ])"
1478,Capital Vision Research Trust,"array([2.53974963, 3.06751596])"
1479,North Shore Hospice,"array([2.54354645, 3.03169894])"
1480,Rowe Davies Research Ltd,"array([2.51879061, 2.99667441])"
1481,Ministry of Civil Defence and Emergency Management,"array([2.73050112, 2.98797643])"
1482,Ripesense Limited,"array([2.64369819, 2.92513705])"
1483,Quest Integrity Group Ltd.,"array([2.64307703, 3.02203724])"
1484,Indufor Asia-Pacific Ltd,"array([2.73721997, 2.95312083])"
1485,Auckland Cricket Assn Inc,"array([2.4942907, 2.9691132])"
1486,Matakina Technology Ltd,"array([2.63612095, 3.01927626])"
1487,Labtests,"array([2.58525648, 3.10801155])"
1488,Cambridge Clinic,"array([2.6390475 , 3.13026457])"
1489,ILR,"array([2.70054978, 3.08839679])"
1490,Clutha Veterinary Association,"array([2.56392337, 3.01824429])"
1491,Pesticide Action Network Aotearoa New Zealand,"array([2.62263275, 2.87846901])"
1492,MLB Consulting Engineers,"array([2.79981354, 3.07296103])"
1493,EcoGecko Consultants Ltd.,"array([2.69609872, 3.01923969])"
1494,Kapiti Coast District Council,"array([2.69077536, 2.96119038])"
1495,Sinclair Knight Merz Ltd,"array([2.83284971, 3.00211627])"
1496,Fishing Vessel Management Services Ltd.,"array([2.6588254 , 2.93560517])"
1497,Urology Associates,"array([2.68482696, 3.14299619])"
1498,Hot Solutions Ltd.,"array([2.6800949 , 3.04718943])"
1499,Southern Geophysical Ltd,"array([2.78090167, 3.06905051])"
1500,Stronger Christchurch Infrastructure Rebuild Team,"array([2.80539425, 3.10855666])"
1501,Ian McLean Consultancy Services Ltd.,"array([2.49616588, 3.06352301])"
1502,Newtown Medical Centre,"array([2.59238715, 3.13714697])"
1503,Aurecon,"array([2.68392705, 3.07346694])"
1504,New Zealand Agricultural Aviation Association Inc,"array([2.35672089, 3.79230551])"
1505,LIC,"array([2.62066507, 2.96451576])"
1506,Auckland International Airport Limited,"array([2.49757041, 2.94312368])"
1507,Avivet Ltd,"array([2.64774838, 2.86780211])"
1508,Bay Urology,"array([2.5664429 , 3.12687593])"
1509,Taihape Veterinary Services Ltd,"array([2.59971192, 2.859597  ])"
1510,ClearSight Consultants Ltd,"array([2.63107413, 2.98420101])"
