# index, name, group, _pos,
0,detritus,detritus,"array([-0.72767834, 10.10366423])",
1,dead animal material,carrion,"array([-0.65239289, 10.12574091])",
2,sulphate reducing bacteria,gram-negative bacteria,"array([-0.80550541, 10.1509816 ])",
3,Enterobacteriaceae,gram-negative bacteria,"array([-0.66193563, 10.0903946 ])",
4,iron bacteria,gram-negative bacteria,"array([-0.84929689, 10.2308307 ])",
5,vibroid bacteria,gram-negative bacteria,"array([-0.80193769, 10.27371599])",
6,nitrate-reducing bacteria,gram-negative bacteria,"array([-0.70030582,  9.90226247])",
7,iron-reducing bacteria,gram-negative bacteria,"array([-0.82217617, 10.17282421])",
8,manganese-reducing bacteria,gram-negative bacteria,"array([-0.76675595, 10.23857382])",
9,rods,?gram-negative bacteria,"array([-0.74605516, 10.12335193])",
10,coccibacilli,gram-negative/positive bacteria,"array([-0.76393546, 10.10594966])",
11,hydrogen bacteria (?Propionibacteriaceae),gram-positive bacteria,"array([-0.82779234, 10.25745937])",
12,coccoid bacteria,gram-positive bacteria,"array([-0.78590752, 10.11906992])",
13,curved rod bacteria,gram-positive bacteria,"array([-0.80236748, 10.09971682])",
14,ammonia oxidizing bacteria,Proteobacteria,"array([-0.77297779, 10.29223406])",
15,Pseudmonadiaceae-like bacteria,Proteobacteria-alpha,"array([-0.86067914, 10.15183954])",
16,phosphate-reducing bacteria,Proteobacteria-alpha,"array([-0.77950203, 10.13361749])",
17,nitrite-oxidizing bacteria,Proteobacteria-beta,"array([-0.59038718,  9.79285   ])",
18,methanogens,Proteobacteria-beta/gamma,"array([-0.83379882, 10.0895605 ])",
19,sulfur-oxidizing bacteria,Proteobacteria-gamma,"array([-0.79881606, 10.23070744])",
20,gram-positive anaerobes (?clostridia),Proteobacteria-gamma,"array([-0.85091065, 10.10442648])",
21,Bacillariophyceae (Navicula mutica),Pennales,"array([-0.74236   , 10.20425466])",
22,Bacillariophyceae (Fragilaria cf. ulna),Pennales,"array([-0.78100478, 10.1871773 ])",
23,Bacillariophyceae (Surirella angusta),Pennales,"array([-0.74874124, 10.19207914])",
24,Bacillariophyceae (Cyclotella or Cyclostephanus sp.),Centrales,"array([-0.76306512, 10.19275301])",
25,Bacillariophyceae (Melosira granulata),Centrales,"array([-0.75558283, 10.17644819])",
26,dinoflagellate incertae sedis (Geiselodinium sp.),Pyrrhophyta,"array([-0.72819325, 10.21695805])",
27,Order indet.,Chrysophyta,"array([-0.72746544, 10.18392135])",
28,Zygnemataceae (Ovoidites sp.),Zygnematales,"array([-0.78011428, 10.15462941])",
29,Botryococcaceae (Botryococcus sp.),Chlorococcales,"array([-0.76155872, 10.16356144])",
30,Botryococcaceae (Tetraedron sp.),Chlorococcales,"array([-0.73576498, 10.16305347])",
31,indeterminate filamentous algae,Chlorophyta,"array([-0.74184132, 10.14185366])",
32,Characeae (Chara sp.),Charales,"array([-0.67699022, 10.16140445])",
33,Dicranaceae (Dicranites鈥?,Dicraniales,"array([-0.74236554, 10.10668763])",
34,Jungermanniaceae (cf. Frullania),Jungermanniales,"array([-0.76512167, 10.12288517])",
35,Muscites鈥?Muscales,"array([-0.73983512, 10.09297894])","array([-0.73983512, 10.09297894])",
36,Selaginellaceae (gen. et sp. indet.),Lycopodiales,"array([-0.53146953, 10.23600466])",
37,Selaginellaceae (Selaginella sp.),Lycopodiales,"array([-0.60414641, 10.14157772])",
38,?Marattiaceae (gen. et sp. indet.),Filicales,"array([-0.60263242,  9.88789112])",
39,"Lygodiaceae (Lygodium kaulfussi, Leiotriletes maxoides)",Filicales,"array([-0.85388565, 10.01608567])",
40,"Osmundaceae (Osmunda lignitum, Baculatisporites primarius)",Filicales,"array([-0.52997289, 10.13500551])",
41,Adiantaceae (Acrostichum sp.),Filicales,"array([-0.51742614, 10.10092966])",
42,Polypodiaceae (Laevigatosporites discordatus),Filicales,"array([-0.6070201 ,  9.76443409])",
43,Polypodiaceae (Laevigatosporites haardtii),Filicales,"array([-0.49008126,  9.89741231])",
44,Polypodiaceae (Verrucatosphorites tenellis),Filicales,"array([-0.51726783,  9.86412016])",
45,Polypodiaceae (Rumohra recentior),Filicales,"array([-0.49197536, 10.07363322])",
46,Polypodiaceae (gen. et sp. indet.),Filicales,"array([-0.57150704,  9.82608299])",
47,Polypodiaceae (Polypodiaceoisporites lusaticus),Filicales,"array([-0.46272803, 10.09286849])",
48,Polypodiaceae (Verrucatosporites favus),Filicales,"array([-0.79961848, 10.04729794])",
49,Polypodiaceae (Verrucatosporites undulatus),Filicales,"array([-0.77917429, 10.07443413])",
50,"Schizaeaceae (Ruffordia subcretacea, Cicatricosisporites paradorogensis)",Filicales,"array([-0.48556012, 10.1009733 ])",
51,Schizaeaceae (Lygodium kaulfussi),Filicales,"array([-0.55051331, 10.13362426])",
52,Schizaeaceae (Lygodium microadriennis),Filicales,"array([-0.56769173, 10.14736863])",
53,Schizaeaceae (Schizaea sp.),Filicales,"array([-0.58568223, 10.14495679])",
54,Blechnaceae (gen. et sp. indet.),Filicales,"array([-0.42883001, 10.18424646])",
55,Gleicheniaeae (gen. et sp. indet.),Filicales,"array([-0.8016173 ,  9.81684596])",
56,Parkeriaceae (gen. et sp. indet.),Filicales,"array([-0.45590139, 10.3015051 ])",
57,Cephalotaxaceae (Cephalotaxus cf. messelensis),Coniferales,"array([-0.44891559, 10.06358451])",
58,Cupressaceae (Cupressacites insulipapillatus),Coniferales,"array([-0.51303244,  9.89041168])",
59,Cupressaceae (Libocedrites salicorniodes),Coniferales,"array([-0.4621236 ,  9.84086145])",
60,Cupressaceae (Sciadopitys sp.),Coniferales,"array([-0.4216355 , 10.03703343])",
61,Cupressaceae (Glyptostrobus sp.),Coniferales,"array([-0.77179708,  9.94342715])",
62,Cupressaceae (Inaperturopollenites concedipites),Coniferales,"array([-0.48184238,  9.92882371])",
63,Cupressaceae (Doliostrobus sp.),Coniferales,"array([-0.50405495, 10.0889696 ])",
64,Cupressaceae (Sciadopityoideae),Coniferales,"array([-0.36176478,  9.90948898])",
65,Pinaceae (Pityosporites microalatus ),Coniferales,"array([-0.52965763,  9.98093427])",
66,Pinaceae (Pityosporites labdacus ),Coniferales,"array([-0.63932507, 10.00365637])",
67,Ephedraceae (Ephedripites eocenipites),Gnetales,"array([-0.50729092, 10.03395891])",
68,Nympheaceae (Monocolpopollenites crassiexinus),Nympheales,"array([-0.66369628, 10.13249374])",
69,Araceae (sp. indet. 1),Alismatales,"array([-0.50598933, 10.13614001])",
70,Hydrocharitaceae (Punctilongisulcites microechinatus),Alismatales,"array([-0.66670857, 10.1783026 ])",
71,Araceae (sp. indet. 2),Alismatales,"array([-0.57920677, 10.09588138])",
72,Araceae (sp. indet. 3),Alismatales,"array([-0.60233472, 10.10339696])",
73,Smilacaceae (cf. Smilax sp.),Liliales,"array([-0.53016772, 10.07860583])",
74,Pandanaceae (gen. et sp. indet.),Pandanales,"array([-0.61482273,  9.90832535])",
75,Arecaceae (Monocolpopollenites tranquillus),Arecales,"array([-0.49962556,  9.91736151])",
76,Arecaceae (Phoenicites sp.),Arecales,"array([-0.67836984,  9.96531505])",
77,Arecaceae (cf. Arecoideae: flower type A),Arecales,"array([-0.59092243, 10.05964723])",
78,Arecaceae (cf. Lepidocaryoideae: pinnate leaf),Arecales,"array([-0.64315226,  9.87965527])",
79,Arecaceae (flower type B),Arecales,"array([-0.69893294, 10.07242869])",
80,Arecaceae (Sabalitides sp.),Arecales,"array([-0.6642    , 10.01174615])",
81,Cyclanthaceae (gen. et sp. indet.),Arecales,"array([-0.53223517, 10.11669096])",
82,Typhaceae (gen. et sp. indet.),Typhales,"array([-0.63965214, 10.1455059 ])",
83,Sparaganiaceae (Sparganiaceaepollenites sp. 1),Typhales,"array([-0.62328166, 10.15623554])",
84,Sparaganiaceae (Sparganiaceaepollenites sp. 2),Typhales,"array([-0.63329336, 10.17040031])",
85,Cyperaceae (Caricoidea sp.),Juncales,"array([-0.60503816, 10.09377707])",
86,Cyperaceae (gen. et sp. indet.),Juncales,"array([-0.62408396, 10.1123285 ])",
87,Restoniaceae (Milfordia hungarica),Poales,"array([-0.59788372, 10.11720299])",
88,Restoniaceae (Milfordia incerta),Poales,"array([-0.54624894, 10.06141205])",
89,Zingiberaceae (gen. et sp. indet.),Zingiberales,"array([-0.57344399, 10.04074467])",
90,Magnoliaceae (sp. indet. 1),Magnoliales,"array([-0.5356862 , 10.01433516])",
91,Magnoliaceae (sp. indet. 2),Magnoliales,"array([-0.64361168, 10.03193278])",
92,Annonaceae (gen. et sp. indet.),Magnoliales,"array([-0.55574601, 10.01307458])",
93,Chloranthaceae (Emmapollis pseudoemmaensis),Laurales,"array([-0.5897765 ,  9.92342844])",
94,Lauraceae (cf. Laurophyllum lanigeroides鈥?,Laurales,"array([-0.59319963,  9.93884042])",
95,Lauraceae (cf. Daphnogene鈥?,Laurales,"array([-0.53609615, 10.00299764])",
96,Lauraceae (gen. et sp. indet),Laurales,"array([-0.57218932,  9.94609567])",
97,Illiciaceae (gen. et sp. indet.),Illiciales,"array([-0.6042245 ,  9.94975145])",
98,Menispermaceae (Tinospora sp.),Ranunculales,"array([-0.57987278, 10.00626934])",
99,Menispermaceae (gen. et sp. indet.),Ranunculales,"array([-0.58804014,  9.97621697])",
100,Berberidaceae (gen et sp. indet.),Ranunculales,"array([-0.56767921,  9.99208135])",
101,Sargentodoxaceae (cf. Sargentodoxa sp.),Ranunculales,"array([-0.51250426, 10.07054602])",
102,"Eucommiaceae ( Eucommia, Tricolpopollenites parmularius )",Eucommiales,"array([-0.48792998,  9.99519721])",
103,Buxaceae (gen et sp. indet).,"\""Proteales\""","array([-0.49515791,  9.9472421 ])",
104,Platanaceae (cf. Platanus) ,Proteales,"array([-0.69998098,  9.99018607])",
105,Vitaceae鈥?gen. et sp. indet.,Vitales,"array([-0.58497519, 10.07064552])",
106,"Vitaceae (Vitis sp., ?Tricolporopollenites marcodurensis)",Vitales,"array([-0.59083517, 10.04893324])",
107,Vitaceae Tetrastigma sp.),Vitales,"array([-0.58671524, 10.03986818])",
108,Vitaceae (Cissus sp.),Vitales,"array([-0.59665788, 10.0398654 ])",
109,Vitaceae (Ampelopsis sp.),Vitales,"array([-0.57933034, 10.03086524])",
110,Rhamnaceae (Tricolporopollenites sp.),Vitales,"array([-0.53836141, 10.02768257])",
111,Nyctaginaceae (gen. et sp. indet.),Caryophyllales,"array([-0.56102109, 10.04662577])",
112,Cercidiphyllaceae (Cercidiphyllum sp.),Saxifragales,"array([-0.6145992 ,  9.91973562])",
113,Hamamelidaceae (Compositioipollenites rhizophorus),Saxifragales,"array([-0.50016546,  9.88138728])",
114,?Hamamelidaceae (Labrapollis labraferus),Saxifragales,"array([-0.45484379, 10.01358849])",
115,Olacaceae (Olaxipollis matthesii ),Santalales,"array([-0.51689496,  9.98504072])",
116,Loranthaceae (Gothanipollis gothanii),Santalales,"array([-0.47040302, 10.00083896])",
117,Staphyleaceae (Tapiscia sp.),Geraniales,"array([-0.53317929, 10.03950629])",
118,Icacinaceae (Stemonurus sp.),Celastrales,"array([-0.47872738,  9.95710279])",
119,Icacinaceae (Compositoipollenites rhizophorus),Celastrales,"array([-0.56223372,  9.87142652])",
120,Icacinaceae (Compositopollenites minimus),Celastrales,"array([-0.43780517,  9.97638488])",
121,Malpighiaceae (Tetrapteris sp.),Malpighiales,"array([-0.54013792,  9.94786515])",
122,"Salicaceae (Salix, Tricolpopollenties retiformis)",Malpighiales,"array([-0.52723232,  9.94282793])",
123,Euphorbiaceae (Spinaepollis spinosus),Malpighiales,"array([-0.58258717,  9.93789956])",
124,Fabaceae (sp. indet. 1),Fabales,"array([-0.62952064,  9.94872941])",
125,Fabaceae (sp. indet. 2),Fabales,"array([-0.62358251,  9.95641036])",
126,Rosaceae (sp. indet. 1),Rosales,"array([-0.57489225, 10.01679216])",
127,Rosaceae (sp. indet. 2),Rosales,"array([-0.61593085,  9.94758552])",
128,Rosaceae (cf. Rosa or Rubus),Rosales,"array([-0.65067425,  9.95906999])",
129,Moraceae (Ficus sp.),Rosales,"array([-0.58131487,  9.95654088])",
130,Celtidiaceae (Celtipollenites intrastructurus),Rosales,"array([-0.53093759,  9.95484635])",
131,Celtidiaceae (Celtipollenites laevigatus),Rosales,"array([-0.50766809, 10.01881639])",
132,Ulmaceae (Polyporopollenites undulosus),Rosales,"array([-0.58056528,  9.84739442])",
133,Ulmaceae (Polyporopollenites verrucatus),Rosales,"array([-0.68068987,  9.91194891])",
134,"Ulmaceae (Ulmus sp., ?Polyporopollenites eoulmoides)",Rosales,"array([-0.70962123,  9.99530631])",
135,Ulmaceae (Zelkova sp.),Rosales,"array([-0.54163783,  9.92909754])",
136,"Myricaceae (Comptonia sp., Triatriopollenites excelsus)",Fagales,"array([-0.57975359,  9.89131293])",
137,Myricaceae (Triatriopollenites rurensis),Fagales,"array([-0.54575304,  9.84697245])",
138,Myricaceae (Triatriopollenites bituitus),Fagales,"array([-0.65859784,  9.80591387])",
139,Betulaceae (Alnipollenites verus ),Fagales,"array([-0.6448276 ,  9.89141705])",
140,Betulaceae (Trivestibulopollenites betuloides ),Fagales,"array([-0.65391431,  9.89673682])",
141,Betulaceae (Carpinus sp.),Fagales,"array([-0.64215799,  9.96258225])",
142,Betulaceae (Ostrya sp.),Fagales,"array([-0.67658843,  9.93132463])",
143,"Juglandaceae (Carya sp. 1, Caryapollenites triangularus)",Fagales,"array([-0.59027148,  9.87132647])",
144,"Juglandaceae (Carya sp. 2, Caryapollenites circulus)",Fagales,"array([-0.59194006,  9.85908019])",
145,"Juglandaceae (Engelhardia sp., Momipites punctatus)",Fagales,"array([-0.57658293,  9.86542082])",
146,"Juglandaceae cf. Juglans, ?Subtriporopollenites anulatus)",Fagales,"array([-0.67273386,  9.91993697])",
147,"Juglandaceae (Platycarya sp. 1, Platycaryapollenites platycaryoides)",Fagales,"array([-0.57026515,  9.90221784])",
148,"Juglandaceae (Platycarya sp. 2, Platycaryapollenites miocaenicus)",Fagales,"array([-0.59571722,  9.84430429])",
149,Juglandaceae (Plicatopollis hungaricus),Fagales,"array([-0.68452729,  9.87614966])",
150,Juglandaceae (Plicatopollis lunatus),Fagales,"array([-0.61363639,  9.83679116])",
151,Juglandaceae (Plicatopollis plicatus),Fagales,"array([-0.6354172 ,  9.85633518])",
152,Juglandaceae (Plicatopollis potoniei),Fagales,"array([-0.60789261,  9.8488403 ])",
153,"Juglandaceae (Pterocarya sp., Pterocaryapollenites stellatus)",Fagales,"array([-0.51237835,  9.94156369])",
154,"Fagaceae (Quercus sp., Tricolpopollenites asper)",Fagales,"array([-0.64089612,  9.94294348])",
155,Fagaceae (Tricolpopollenites liblarensis),Fagales,"array([-0.66425902,  9.99234271])",
156,Fagaceae (Tricolporopollenites cingulum),Fagales,"array([-0.47442666, 10.0190408 ])",
157,Myrtaceae (Rhodomyrtophyllum rossmassleri),Myrtales,"array([-0.65124058,  9.92362362])",
158,Myrtaceae (Rhodomyrtus sinuata ),Myrtales,"array([-0.55087968,  9.95231781])",
159,Myrtaceae (Duplopollis myrtoides),Myrtales,"array([-0.60615121,  9.93912529])",
160,Lythraceae (gen. et sp. indet.),Myrtales,"array([-0.56460516,  9.96862501])",
161,Thymelaeaceae (gen. et sp. indet.),Malvales,"array([-0.55208938,  9.92002554])",
162,Tiliaceae (Dombeya sp.),Malvales,"array([-0.52853371,  9.96654081])",
163,Tiliaceae (Intratiporopollenites ceciliensis),Malvales,"array([-0.52208859,  9.99888083])",
164,Tiliaceae (Intratiporopollenites minimus),Malvales,"array([-0.55571299,  9.93026465])",
165,Bombacaceae (Bombacacidites kettigensis ),Malvales,"array([-0.52573793, 10.02281325])",
166,Bombacaceae (Bombacacidites tilioides ),Malvales,"array([-0.54923474, 10.00297715])",
167,Bombacaceae (Bombacacidites sp. ),Malvales,"array([-0.53776904, 10.0517539 ])",
168,Sterculiaceae (Reevesiapollis triangulus or eucaenicus) ,Malvales,"array([-0.54730012, 10.03459965])",
169,Anacardiaceae (cf. Pentoperculum鈥?,Sapindales,"array([-0.68364651,  9.83055309])",
170,Anacardiaceae (gen. et sp. indet.),Sapindales,"array([-0.63012084,  9.84477792])",
171,Rutaceae (Toddalia ovata),Sapindales,"array([-0.57641035,  9.91670747])",
172,Rutaceae (Rutaspermum sp.),Sapindales,"array([-0.50158861,  9.97967359])",
173,Rutaceae (Rutaspermum chandlerae),Sapindales,"array([-0.52909367,  9.93089048])",
174,Rutaceae (Rutaspermum messelense),Sapindales,"array([-0.52248677, 10.01024781])",
175,Simaroubaceae (Ailanthus sp.),Sapindales,"array([-0.56489498,  9.88998919])",
176,"Sapindaceae (Acer, Aceripollis striatus )",Sapindales,"array([-0.64673805,  9.97729068])",
177,Burseraceae (Canarium sp.),Sapindales,"array([-0.5214985 , 10.03479632])",
178,Cornaceae (gen. et sp. indet.),Cornales,"array([-0.55740181,  9.97699686])",
179,Mastixiaceae (Tricolporopollenites satzveyensis),Cornales,"array([-0.49743395,  9.96424258])",
180,"Nyssaceae (Nyssa, Nyssapollenites kruschii )",Cornales,"array([-0.61945265,  9.93760961])",
181,?Clethraceae (Tricolporopollenites megaexactus),Ericales,"array([-0.5148817 ,  9.92687487])",
182,Cyrillaceae (sp. indet. 2),Ericales,"array([-0.46363859,  9.98357423])",
183,Cyrillaceae (cf. Cyrilla sp.),Ericales,"array([-0.42986582,  9.91355573])",
184,Lecythidaceae (gen. et sp. indet.),Ericales,"array([-0.50842099,  9.95931597])",
185,Ericaceae (Ericipites ericius),Ericales,"array([-0.57518133,  9.97351476])",
186,Ericaceae (Ericipites callidus),Ericales,"array([-0.55351846,  9.96718116])",
187,Theaceae (cf. Polyspora saxonica),Ericales,"array([-0.49808079, 10.04706847])",
188,"Theaceae (cf. Ternstroemites \""dentatus\"")",Ericales,"array([-0.5494506 ,  9.94076855])",
189,Theaceae (gen. et sp. indet.),Ericales,"array([-0.51097473, 10.05552493])",
190,Symplocaceae (Porocolpopollenites calauensis),Ericales,"array([-0.4784324 , 10.05989974])",
191,Symplocaceae (Porocolpopollenites rarobaculatus),Ericales,"array([-0.50493928,  9.99220757])",
192,Sapotaceae (Tetracolporopollenites sapotoides),Ericales,"array([-0.54735697, 10.02040058])",
193,Sapotaceae (Tetracolporopollenites manifestus),Ericales,"array([-0.49456021, 10.02706694])",
194,Rubiaceae (gen. et sp. indet.),Gentianales,"array([-0.603172  ,  9.87572314])",
195, Apocynaceae (Apocynophyllum sp.),Gentianales,"array([-0.60411124,  9.95904258])",
196,Apocynaceae (gen. et sp. indet.),Gentianales,"array([-0.55866786,  9.94346125])",
197,Oleaceae (Tricolporopollenites microreticulatus),Lamiales,"array([-0.66073372,  9.95400413])",
198,Verbenaceae (gen. et sp. indet.),Lamiales,"array([-0.57015989, 10.02717907])",
199,Aquifoliaceae (Ilexpollenites iliacus ),Aquifoliales,"array([-0.59885945,  9.96941427])",
200,Aquifoliaceae (Ilexpollenites margaritatus ),Aquifoliales,"array([-0.53825952,  9.97331049])",
201,Araliaceae (Araliaceoipollenites reticuloides),Apiales,"array([-0.62748338,  9.97419224])",
202,Araliaceae (Araliaceoipollenites euphorii),Apiales,"array([-0.56840969,  9.98090458])",
203,Caprifoliaceae (Sambucus sp.),Dipsacales,"array([-0.59786535, 10.00886103])",
204,Fam. incertae (Punigiphyllum waltheri),Angiospermopsida,"array([-0.53837955,  9.89599094])",
205,monocot incertae ,Angiospermopsida,"array([-0.52505405,  9.87880487])",
206,unknown dicot fruit (gen. 1),Angiospermopsida,"array([-0.61684624, 10.07850275])",
207,dicot incertae (gen. 2),Angiospermopsida,"array([-0.74094308,  9.84517211])",
208,dicot incertae: twig 1,Angiospermopsida,"array([-0.5346617,  9.8573165])",
209,dicot incertae: twig 2,Angiospermopsida,"array([-0.74026056, 10.03326319])",
210,dicot incertae: twig 3,Angiospermopsida,"array([-0.8919568 , 10.00227759])",
211,dicot incertae (Tricolporopollenites edmundii),Angiospermopsida,"array([-0.54611847, 10.15888633])",
212,dicot incertae (Tricolpopollenites vegetus),Angiospermopsida,"array([-0.6090605 ,  9.86317466])",
213,dicot incertae (Tricolporopollenites microporitus),Angiospermopsida,"array([-0.47191719,  9.91255749])",
214,dicot incertae (Tricolporopollenites mansfeldensis),Angiospermopsida,"array([-0.65923073,  9.90916125])",
215,dicot incertae (Tricolporopollenites messelensis),Angiospermopsida,"array([-0.56355527,  9.85553848])",
216,dicot incertae (Tricolporopollenites belgicus),Angiospermopsida,"array([-0.70710709, 10.11311511])",
217,dicot incertae (Tricolporopollenites eocaenicus),Angiospermopsida,"array([-0.53216191,  9.83532829])",
218,dicot incertae (Tricolporopollenites abbreviatus),Angiospermopsida,"array([-0.48647455,  9.97765535])",
219,unknown fruit (gen. 3),Angiospermopsida,"array([-0.6563926 , 10.09925385])",
220,lichen,lichen,"array([-0.64724528, 10.10844243])",
221,Rhytismatales epiphyllous asomycete (cf. Rhytisma sp.),Ascomycetes,"array([-0.7146128 , 10.07531515])",
222,epiphyllous fungal species 2 ,Basidiomycetes,"array([-0.79826207, 10.06812296])",
223,epiphyllous fungal species 3 ,Basidiomycetes,"array([-0.76396928, 10.06953361])",
224,"epiphyllous fungi species, DT58 undifferentiated (host 1)",Basidiomycetes,"array([-0.76708047, 10.01826994])",
225,"epiphyllous fungi species, DT58 undifferentiated (host 2)",Basidiomycetes,"array([-0.74281293, 10.07529797])",
226,Agaricales (Fam. incertae),Basidiomycetes,"array([-0.72503922, 10.04468313])",
227,litter fungus,Ascomycetes,"array([-0.72218076, 10.02419583])",
228,wood rot (perithecia),Ascomycetes,"array([-0.71012976, 10.02043451])",
229,intestinal fungi,Fungi,"array([-0.67401192, 10.14293084])",
230,tubiform structures,Fungi,"array([-0.81465925, 10.1139336 ])",
231,Hydrobiidae (gen. et sp. indet.),Sorbeoconcha,"array([-0.80301554, 10.12632299])",
232,Spongillidae (Lutetiospongilla heili),Haplosclerida,"array([-0.74907418, 10.21883671])",
233,Spongillidae (Ephydatia gutenbergiana),Haplosclerida,"array([-0.7853948, 10.2066482])",
234,Order incertae sedis,Entoprocta,"array([-0.82297471, 10.13078431])",
235, Unionidae (gen. et sp. indet.),Unionoida,"array([-0.76821652, 10.21271775])",
236,"Bivalvia (Mytilidae, cf. Anodonta)",Mytiloidea,"array([-0.80076355, 10.19345081])",
237,Gastropoda (Vivaparidae: Vivaparus sp.),Streptoneura,"array([-0.72564926, 10.15193652])",
238,Gastropoda: Planorbidae (Australorbis cf. pseudoammonius),Pulmonata,"array([-0.77652971, 10.09141587])",
239,Gastropoda: Fam. Indet. (Toxocoprulus weitzeli),?Sorbeoconcha,"array([-0.70279751, 10.21882302])",
240,Gastropoda: Pleuroceridae (gen. et sp. indet.),Sorbeoconcha,"array([-0.69098378, 10.17827551])",
241,Fam. indet.,Branchiopoda,"array([-0.72252199, 10.16949295])",
242,Moinidae (Moina macrocopa),Cladocera,"array([-0.7408177 , 10.17558772])",
243,Cf. Bosminidae,Cladocera,"array([-0.75713303, 10.15277725])",
244,Daphniidae (Ctenodaphnia magna),Cladocera,"array([-0.74599961, 10.15695414])",
245,Daphniidae (Daphnia pulex),Cladocera,"array([-0.7221766 , 10.19685891])",
246,Fam. indet.,Ostracoda,"array([-0.76648146, 10.14252094])",
247,Cf. Ovjurium or Monoleiolophus),Conchostraca,"array([-0.77521411, 10.17143629])",
248,Atyidae (gen. et sp. indet.),Decapoda,"array([-0.70562671, 10.17440164])",
249,Baetidae or Siphlonuridae,Ephemeroptera,"array([-0.69395315, 10.10974345])",
250,"Fam. indet., sp. 1",Odonata,"array([-0.66306182, 10.02598206])",
251,"Fam. indet., sp. 2",Odonata,"array([-0.6466248 , 10.04225887])",
252,Anisoptera (Aeschnidae gen. et sp. indet.),Odonata,"array([-0.66772128, 10.07184741])",
253,"Zygoptera (Coenagrionidae indet., DT76)",Odonata,"array([-0.66585124, 10.04965889])",
254,"Zygoptera (Coenagrionidae indet., DT 54)",Odonata,"array([-0.67850296, 10.04929601])",
255,"Zygoptera (fam. indet., DT100)",Odonata,"array([-0.68075782, 10.03668649])",
256,Fam. indet.,Plecoptera,"array([-0.7124018 , 10.10385763])",
257,Gryllacrididae,Orthoptera,"array([-0.63406894, 10.04577512])",
258,Tettigoniidae,Orthoptera,"array([-0.6060714 ,  9.98254116])",
259,"Fam. indet. (DT12, DT13, DT14)",Orthoptera,"array([-0.5945933 , 10.01835935])",
260,Fam. indet,Dermaptera,"array([-0.74751339, 10.04969304])",
261,Blattidae (Periplaneta eocaenica),Blattodea,"array([-0.70067166, 10.04208569])",
262,Blattidae (Periplaneta relicta),Blattodea,"array([-0.65460734, 10.07454162])",
263,Mastotermitidae (Mastotermes krishnorum),Isoptera,"array([-0.75925524, 10.05432816])",
264,Hodotermitidae?,Isoptera,"array([-0.70796285, 10.03151023])",
265,Fam. indet. (DT12),Phasmatodea,"array([-0.57129485,  9.99871565])",
266,Phyllidae (Eophyllium messelensis),Phasmatodea,"array([-0.59429337,  9.94973858])",
267,"Coccoidea (fam. indet. 1, DT157)",Hemiptera,"array([-0.69824776,  9.81908745])",
268,Coccoidea (fam. indet. 2. DT183,Hemiptera,"array([-0.74756736,  9.85925961])",
269,"Coccoidea (fam. indet. 3, DT132)",Hemiptera,"array([-0.65695091,  9.8243784 ])",
270,"Diaspididae (Aspidiotinae sp. 1, DT191",Hemiptera,"array([-0.72730961,  9.84019257])",
271,"Diaspididae (Aspidiotinae sp. 2, DT168",Hemiptera,"array([-0.7629751 ,  9.84826504])",
272,"Aphididae (gen. sp. indet., DT146",Hemiptera,"array([-0.71931721,  9.92234618])",
273,"Aphididae (\Hamamelistes\"" sp."," DT205""","array([-0.71791078,  9.9096699 ])","array([-0.71791078,  9.9096699 ])"
274,"Aphididae (cf. Pemphigus sp., DT169",Hemiptera,"array([-0.68188943,  9.89500567])",
275,"Aphididae (Trioza sp., DT32)",Hemiptera,"array([-0.73551458,  9.94532813])",
276,"Aphididae (gen. et sp. indet., DT190)",Hemiptera,"array([-0.71666092,  9.85365125])",
277,Fulgoridae (gen. et sp. indet.),Hemiptera,"array([-0.72099883,  9.98989925])",
278,Cercopidae (gen. indet.,Hemiptera,"array([-0.63513534, 10.01255545])",
279,Cicadidae gen. et sp. indet.),Hemiptera,"array([-0.64181578,  9.9533488 ])",
280,Cf. Membracidae (gen. et sp. indet.),Hemiptera,"array([-0.67190632,  9.9529242 ])",
281,Cf. Ricaniidae (gen. et sp. indet.),Hemiptera,"array([-0.65510302,  9.93552126])",
282,Flatidae (gen. et sp. indet.),Hemiptera,"array([-0.73922359,  9.97059898])",
283,Dictyopharidae (Dictyopharinae gen. et sp. indet),Hemiptera,"array([-0.65608887,  9.99300619])",
284,Cyndidae (Cydnopsis meunieri),Hemiptera,"array([-0.71638531,  9.98048224])",
285,Cyndidae (Cydnopsis nana),Hemiptera,"array([-0.64628637,  9.90628983])",
286,Lygaeidae (gen. et sp. indet.),Hemiptera,"array([-0.64531839, 10.01202468])",
287,Miridae (gen. et sp. indet.),Hemiptera,"array([-0.58996604, 10.02913646])",
288,Tingidae (Lutetiacader petrefactus),Hemiptera,"array([-0.66807273,  9.9613044 ])",
289,Tingidae (Exmesselensis disspinosus),Hemiptera,"array([-0.66092896,  9.91872638])",
290,Tingidae (Chorotingioites priscus),Hemiptera,"array([-0.74747013,  9.95958726])",
291,"Tingidae (Oblongomorpha lutetia, DT199",Hemiptera,"array([-0.63588071,  9.9089004 ])",
292,Pentatomidae (gen. et sp. indet.),Hemiptera,"array([-0.65027069,  9.98631888])",
293,Reduviidae (Amphibolus disponsi),Hemiptera,"array([-0.68988545,  9.96840473])",
294,Gerridae (Gerris sp.),Hemiptera,"array([-0.70198345, 10.14153044])",
295,Gerridae (Cylindrobates messelensis),Hemiptera,"array([-0.72638126, 10.13662953])",
296,Notonectidae (gen. et sp. indet.),Hemiptera,"array([-0.71477795, 10.14383105])",
297,Fam. indet.,Thysanoptera,"array([-0.73833249,  9.82802102])",
298,Mantispidae (Symphrasites eocenicus),Neuroptera,"array([-0.69024783,  9.95575349])",
299,Cupedidae (Tenomerga messelense),Coleoptera,"array([-0.69616999,  9.92842186])",
300,Carabidae (?Harpalus sp.),Coleoptera,"array([-0.677688  , 10.00783953])",
301,Carabidae (?Scarites sp.),Coleoptera,"array([-0.69053199, 10.00755224])",
302,Staphylinidae (gen. indet.),Coleoptera,"array([-0.74657192, 10.01633982])",
303,Hydrophilidae (Eubrianax),Coleoptera,"array([-0.70726714, 10.15376808])",
304,Dytiscidae (gen. et sp. indet.),Coleoptera,"array([-0.69801687, 10.12846609])",
305,Histeridae (cf. Dendrophilus),Coleoptera,"array([-0.61564062, 10.04272733])",
306,"Polyphaga (fam. indet., DT219",Coleoptera,"array([-0.75559886, 10.03954143])",
307,"Polyphaga (fam. indet., DT09)",Coleoptera,"array([-0.75096228,  9.97865385])",
308,Buprestidae (Psiloptera transversovittata),Coleoptera,"array([-0.76225275, 10.00184422])",
309,Buprestidae (Psiloptera weigelti),Coleoptera,"array([-0.75839308,  9.93810112])",
310,Buprestidae (Psiloptera sp. 1),Coleoptera,"array([-0.81733036,  9.95934692])",
311,Buprestidae (?Psiloptera sp. 2),Coleoptera,"array([-0.75054801,  9.9133024 ])",
312,Buprestidae (?Psiloptera sp. 3),Coleoptera,"array([-0.793285  ,  9.89931517])",
313,Buprestidae (?Psiloptera sp. 4),Coleoptera,"array([-0.7476305 ,  9.87532211])",
314,Buprestidae (Touzalinia/Psiloptera gen. 1),Coleoptera,"array([-0.72029439, 10.00121612])",
315,"Buprestidae (Psilopterini, gen. 1)",Coleoptera,"array([-0.81053248,  9.91324455])",
316,Buprestidae (Psiloptera/Dicercomorpha gen. 1),Coleoptera,"array([-0.78264168,  9.92045388])",
317,Buprestidae (Psiloptera/Diceromorpha gen. 2),Coleoptera,"array([-0.71915885,  9.89297753])",
318,Buprestidae (Psiloptera/Diceromorpha gen. 3),Coleoptera,"array([-0.75056587,  9.99731594])",
319,Buprestidae (Touzalinia/Diceromorpha gen. 1),Coleoptera,"array([-0.7396624 ,  9.88537051])",
320,Buprestidae (Touzalinia/Diceromorpha gen. 2),Coleoptera,"array([-0.80237235,  9.92941075])",
321,Buprestidae (Psiloptera/Dicera gen. 1),Coleoptera,"array([-0.80576274,  9.96875124])",
322,Buprestidae (Psiloptera/Dicera gen. 2),Coleoptera,"array([-0.78687282,  9.88326932])",
323,Buprestidae (Psilopterini/Dicerini gen. 1),Coleoptera,"array([-0.6594748 ,  9.86426773])",
324,Buprestidae (Psilopterini/Dicerini gen. 2),Coleoptera,"array([-0.78563009,  9.93683074])",
325,Buprestidae (Dicerca? ),Coleoptera,"array([-0.76248943,  9.9055075 ])",
326,Buprestidae (Eurythyrea? ),Coleoptera,"array([-0.69238813, 10.05062633])",
327,Buprestidae (Eurythyrea? bilyi),Coleoptera,"array([-0.61878646,  9.85558203])",
328,Buprestidae (Anthaxini?),Coleoptera,"array([-0.67482851,  9.88558369])",
329,Buprestidae (Anthaxia?),Coleoptera,"array([-0.63629775,  9.87142814])",
330,Buprestidae (Coroebini? gen. 1),Coleoptera,"array([-0.72466715,  9.88150003])",
331,Buprestidae (Coroebini? gen. 2),Coleoptera,"array([-0.79957459,  9.94838279])",
332,Buprestidae (Coroebini? gen. 3),Coleoptera,"array([-0.70426746,  9.86072283])",
333,Buprestidae (Coroebini? gen. 4),Coleoptera,"array([-0.76848215,  9.91571439])",
334,Buprestidae (Coroebini? gen. 5),Coleoptera,"array([-0.73519652,  9.87070509])",
335,Buprestidae (Coroebini? gen. 6),Coleoptera,"array([-0.72370313,  9.86364689])",
336,Buprestidae (Coroebini? gen. 7),Coleoptera,"array([-0.81354306,  9.94096873])",
337,Buprestidae (Coroebini? gen. 8),Coleoptera,"array([-0.77230523,  9.88898692])",
338,Buprestidae (Coroebini? gen. 9),Coleoptera,"array([-0.75216653,  9.89483899])",
339,Buprestidae (Agrilini? gen. 1),Coleoptera,"array([-0.80979315,  9.88470263])",
340,Buprestidae (Agrilini? gen. 2),Coleoptera,"array([-0.71700841,  9.8271683 ])",
341,Buprestidae (Agrilinae gen. 1),Coleoptera,"array([-0.80631152, 10.01883243])",
342,Buprestidae (Agrilinae gen. 2),Coleoptera,"array([-0.76874259,  9.86800703])",
343,Buprestidae (Agrilinae gen. 3),Coleoptera,"array([-0.74864115,  9.94655093])",
344,Buprestidae (Agrilinae gen. 4),Coleoptera,"array([-0.56275102,  9.95703156])",
345,Buprestidae (Agrilinae gen. 5),Coleoptera,"array([-0.66344629,  9.85208953])",
346,Buprestidae (Agrilinae gen. 6),Coleoptera,"array([-0.69104303,  9.8434337 ])",
347,Buprestidae (Agrilinae gen. 7),Coleoptera,"array([-0.5893797 ,  9.81300733])",
348,Throscidae (gen. et sp. indet.),Coleoptera,"array([-0.80685291, 10.00312309])",
349,Eucnemidae (gen. et sp. indet.),Coleoptera,"array([-0.77007663, 10.04174973])",
350,Elateridae (Agrypnus? sp. 1),Coleoptera,"array([-0.61195086, 10.11299892])",
351,Elateridae (Agrypnus? sp. 2),Coleoptera,"array([-0.6119498 ,  9.93117397])",
352,Elateridae (Agrypnus? sp. 3),Coleoptera,"array([-0.64314381, 10.09526535])",
353,Elateridae (Agrypnus? sp. 4),Coleoptera,"array([-0.652117  , 10.08508275])",
354,Elateridae (Agrypnus? aff. ?costipennis),Coleoptera,"array([-0.79663958,  9.91700579])",
355,Elateridae (Agrypnus sp. 5),Coleoptera,"array([-0.70896823,  9.88732315])",
356,Elateridae (Agrypnus? sp. 6),Coleoptera,"array([-0.77926636,  9.95392328])",
357,Elateridae (Agrypnus? sp. 7),Coleoptera,"array([-0.78220143,  9.98796275])",
358,Elateridae (Agrypnus? sp. 8),Coleoptera,"array([-0.75673556, 10.08328142])",
359,Elateridae (Agrypnus? sp. 9),Coleoptera,"array([-0.75853572,  9.92569848])",
360,Elateridae (Lacon? sp. 1),Coleoptera,"array([-0.77142357,  9.93111572])",
361,Elateridae (Group 1),Coleoptera,"array([-0.6982937 , 10.03041552])",
362,Elateridae (Group 2),Coleoptera,"array([-0.7189822 ,  9.95754351])",
363,Elateridae (Group 3),Coleoptera,"array([-0.6841213 ,  9.92557315])",
364,Elateridae (Group 4),Coleoptera,"array([-0.69052725, 10.04067187])",
365,Elateridae (Group 5),Coleoptera,"array([-0.59749039, 10.07715362])",
366,Elateridae (Group 6),Coleoptera,"array([-0.6939749 ,  9.89037918])",
367,Elateridae (Group 7),Coleoptera,"array([-0.62507423, 10.08536732])",
368,Elateridae (Group 8),Coleoptera,"array([-0.73127961,  9.91069622])",
369,Elateridae (Group 9),Coleoptera,"array([-0.69831068, 10.01961467])",
370,Elateridae (Group 10),Coleoptera,"array([-0.72010566,  9.93406053])",
371,Elateridae (Group 11),Coleoptera,"array([-0.79276404,  9.98059525])",
372,Elateridae (Group 12),Coleoptera,"array([-0.70868487,  9.95792261])",
373,Elateridae (Group 13),Coleoptera,"array([-0.72356247, 10.01407486])",
374,Elateridae (Group 14),Coleoptera,"array([-0.73294898,  9.93007718])",
375,Elateridae (Macropunctum angulosum),Coleoptera,"array([-0.68810055, 10.08029039])",
376,Elateridae (Macropunctum meuneri),Coleoptera,"array([-0.70913324,  9.93533475])",
377,Elateridae (Macropunctum promptum),Coleoptera,"array([-0.66242917,  9.93022511])",
378,Elateridae (Macropunctum messelensis),Coleoptera,"array([-0.62560151, 10.06390345])",
379,Elateridae (Macropunctum eocaenicum),Coleoptera,"array([-0.69716615, 10.0613566 ])",
380,Elateridae (Macropunctum senckenbergi),Coleoptera,"array([-0.71742589, 10.05255202])",
381,Elateridae (Macropunctum latiscutellum),Coleoptera,"array([-0.71854729, 10.03642939])",
382,Elateridae (Macropunctum angustiscutellum),Coleoptera,"array([-0.72867139, 10.03230684])",
383,Elateridae (Macropunctum rebugense),Coleoptera,"array([-0.73135976, 10.06957003])",
384,Elateridae (Lanelater verae),Coleoptera,"array([-0.77238327, 10.05510274])",
385,Elateridae (Lanelater sp. 1),Coleoptera,"array([-0.7121719 ,  9.90037524])",
386,Elateridae (Lanelater sp. 2),Coleoptera,"array([-0.58960607, 10.00759946])",
387,Elateridae (Lanelater sp. 3),Coleoptera,"array([-0.60681957, 10.04678393])",
388,Cantharoidea (gen. et sp. indet.),Coleoptera,"array([-0.7273454 ,  9.97772358])",
389,"Elateridae (\""Ancyclochira\"" agilis)",Coleoptera,"array([-0.7132188 , 10.00765808])",
390,Tenebrionidae (Ceropria? messelense),Coleoptera,"array([-0.73525824, 10.02097998])",
391,Tenebrionidae (gen. et sp. indet.),Coleoptera,"array([-0.6325767 , 10.05794424])",
392,Lucanidae (Protognathinus spielbergi),Coleoptera,"array([-0.6324403 , 10.02407135])",
393,Scarabaeidae (Gymnopleurus eocaenicus),Coleoptera,"array([-0.61728551, 10.0128756 ])",
394,Scarabaeidae (?Geotrupes messelensis),Coleoptera,"array([-0.73187768, 10.05668776])",
395,Scarabaeidae (?Geotrupes sp.),Coleoptera,"array([-0.72197989, 10.06318997])",
396,Scarabaeidae (?Onthophagus sp.),Coleoptera,"array([-0.71027087, 10.06368901])",
397,Scarabaeidae (?Onitis sp.),Coleoptera,"array([-0.7425843 , 10.06037254])",
398,Dascillidae (Eubrianax sp.),Coleoptera,"array([-0.72552657, 10.08121748])",
399,Colydiidae cf. Orthocerus,Coleoptera,"array([-0.73921324, 10.04537843])",
400,Ptinidae (gen. et sp. indet.),Coleoptera,"array([-0.77945421, 10.01321545])",
401,Trogossitidae (Trogossita eocaenica),Coleoptera,"array([-0.73967677,  9.92115574])",
402,Oedemeridae (gen. et sp. indet.),Coleoptera,"array([-0.635357  ,  9.99436183])",
403,"\Phytophaga\"" (fam. indet. 1"," DT08)""","array([-0.62542002,  9.92544078])","array([-0.62542002,  9.92544078])"
404,"\Phytophaga\"" (fam. indet. 2"," DT15)""","array([-0.64739325,  9.85659593])","array([-0.64739325,  9.85659593])"
405,"\Phytophaga\"" (fam. indet. 3"," DT30)""","array([-0.63373077,  9.89654864])","array([-0.63373077,  9.89654864])"
406,"\Phytophaga\"" (fam. indet. 3"," DT63)""","array([-0.75060727, 10.02733735])","array([-0.75060727, 10.02733735])"
407,"\Phytophaga\"" (fam. indet. 4"," DT216)""","array([-0.77766274,  9.90334344])","array([-0.77766274,  9.90334344])"
408,"\Phytophaga\"" (fam. indet. 5"," DT143)""","array([-0.78924318,  9.96473404])","array([-0.78924318,  9.96473404])"
409,"\Phytophaga\"" (fam.indet. 6"," DT211""","array([-0.77872809, 10.02750439])","array([-0.77872809, 10.02750439])"
410,"\Phytophaga\"" (fam. indet. 7"," DT207)""","array([-0.65077342,  9.84101978])","array([-0.65077342,  9.84101978])"
411,"\Phytophaga\"" (fam. indet. 8"," DT220)""","array([-0.73188129,  9.89638764])","array([-0.73188129,  9.89638764])"
412,"\Phytophaga\"" (fam. indet. 9"," DT137)""","array([-0.70603126,  9.84396909])","array([-0.70603126,  9.84396909])"
413,"\Phytophaga\"" (fam. indet 10"," DT12)""","array([-0.62425984,  9.86728461])","array([-0.62425984,  9.86728461])"
414,"\Phytophaga\"" (fam. indet. 11"," DT14)""","array([-0.69140375,  9.86293277])","array([-0.69140375,  9.86293277])"
415,"\Phytophaga\"" (fam. indet. 11"," DT13)""","array([-0.69083077,  9.79202208])","array([-0.69083077,  9.79202208])"
416,Cerambycidae (Lamiinae),Coleoptera,"array([-0.60314841,  9.92121392])",
417,Cerambycidae (Prioninae),Coleoptera,"array([-0.61849577,  9.99794036])",
418,"Cerambycidae (gen. et sp. indet., DT212",Coleoptera,"array([-0.73450348, 10.0103717 ])",
419,Chrysomelidae (Sagra sp.),Coleoptera,"array([-0.73774218,  9.98446912])",
420,"Chrysomelidae (Lina sp., DT57)",Coleoptera,"array([-0.70230472,  9.91380127])",
421,"Chrysomelidae (gen. et sp. indet., DT08)",Coleoptera,"array([-0.66550362,  9.89522801])",
422,"Chrysomelidae (Cassidinae indet. 1, DT203 )",Coleoptera,"array([-0.75800936,  9.96838978])",
423,"Chrysomelidae (Cassidinae indet. 2, DT192)",Coleoptera,"array([-0.74515106,  9.93232406])",
424,"Chrysomelidae (gen. et sp. indet., DT193",Coleoptera,"array([-0.71401064,  9.87219829])",
425,Chrysomelidae (Bruchinae indet.),Coleoptera,"array([-0.75604167,  9.98761996])",
426,cf. Brenthidae,Coleoptera,"array([-0.69243819,  9.91648238])",
427,Apionidae (gen. et sp. indet.),Coleoptera,"array([-0.6721029 ,  9.90446522])",
428,Curculionidae (gen. et sp. indet. 1),Coleoptera,"array([-0.68921705,  9.90427416])",
429,"Curculionidae (gen. et sp. indet. 2, DT74)",Coleoptera,"array([-0.65506314, 10.0115488 ])",
430,"Curculionidae (gen. et sp. indet. 3, DT07)",Coleoptera,"array([-0.76878158,  9.96075558])",
431,"Curculionidae (aff. Balaninus, DT167)",Coleoptera,"array([-0.60291204,  9.90912962])",
432,Fam. indet. (DT195),Coleoptera,"array([-0.75858751,  9.88265926])",
433,Fam. indet. (DT29),Coleoptera,"array([-0.69739917,  9.87878703])",
434,Myrmecolacidae (Stichotrema sp.),Strepsiptera,"array([-0.7561417 , 10.01105448])",
435,Fam. indet.,Mecoptera,"array([-0.57205335, 10.06560579])",
436,Tipulidae (gen. et sp. indet.),Diptera,"array([-0.66357489, 10.06269879])",
437,Limoniidae (gen. et sp. indet.),Diptera,"array([-0.71824263, 10.08900668])",
438,"Chaoboridae (gen. indet., larva)",Diptera,"array([-0.71366331, 10.12533425])",
439,Chironomidae (gen. et sp. indet.),Diptera,"array([-0.67801476, 10.10575927])",
440,Culicidae (gen. et sp. indet.),Diptera,"array([-0.68072262, 10.08899402])",
441,"Cecidomyiidae (gen. et sp. indet. 1, DT80",Diptera,"array([-0.82565301, 10.03159074])",
442,"Cecidomyiidae (gen. et sp. indet. 2, DT188",Diptera,"array([-0.50283817, 10.11109842])",
443,"Cecidomyiidae (gen. et sp. indet. 3, DT11, DT197",Diptera,"array([-0.63633591,  9.80278153])",
444,"Cecidomyiidae (gen. et sp. indet. 4, DT83)",Diptera,"array([-0.80714394,  9.98841705])",
445,"Cecidomyiidae (gen. et sp. indet. 5, DT84)",Diptera,"array([-0.79232535, 10.0289359 ])",
446,"Cecidomyiidae (gen. et sp. indet. 6, DT215)",Diptera,"array([-0.77780707,  9.97287969])",
447,"Cecidomyiidae (gen. et sp. indet. 7, DT213",Diptera,"array([-0.68031192,  9.86318813])",
448,"Cecidomyiidae (gen. et sp. indet. 8, DT149",Diptera,"array([-0.61745674,  9.87576082])",
449,"Cecidomyiidae (gen. et sp. indet. 9, DT218)",Diptera,"array([-0.54654658,  9.81886814])",
450,"Cecidomyiidae (gen. et sp. indet. 10, DT217",Diptera,"array([-0.74206108,  9.90279548])",
451,"Cecidomyiidae (gen. et sp. indet. 11, DT34)",Diptera,"array([-0.50109122,  9.93413968])",
452,"Cecidomyiidae (gen. et sp. indet. 12, DT145",Diptera,"array([-0.60383299,  9.82029351])",
453,"Cecidomyiidae (Asphondyliini, DT163, DT206",Diptera,"array([-0.61004972,  9.7990167 ])",
454,"Cecidomyiidae (gen et sp. indet. 13, DT204)",Diptera,"array([-0.87186607, 10.04591172])",
455,"Cecidomyiidae (Cecidomyia sp., DT49)",Diptera,"array([-0.56789215, 10.10697592])",
456,"Cecidomyiidae (Dasyneura sp., DT85)",Diptera,"array([-0.78255314,  9.86164426])",
457,"Cecidomyiidae (gen. et sp. indet, DT33)",Diptera,"array([-0.50024273,  9.85376474])",
458,Nemestrinidae (cf. Hirmoneura sp.),Diptera,"array([-0.74057551, 10.00097076])",
459,Tabanidae (gen. et sp. indet.),Diptera,"array([-0.63539677, 10.03493858])",
460,Stratiomyiidae (gen. et sp. indet.),Diptera,"array([-0.601716  ,  9.99067959])",
461,Athericidae (gen. et sp. indet.),Diptera,"array([-0.65283897, 10.02282808])",
462,Asilidae (gen. et sp. indet.),Diptera,"array([-0.67454861,  9.98711142])",
463,Syrphidae (gen. et sp. indet.),Diptera,"array([-0.62295111, 10.02849402])",
464,Brachycera (fam. indet.),Diptera,"array([-0.61169971,  9.99326799])",
465,"Tephritidae (gen. et sp. indet, DT117)",Diptera,"array([-0.59301773,  9.9960312 ])",
466,"Agromyzidae (gen. et sp. indet., DT185",Diptera,"array([-0.57985459, 10.04873531])",
467,"Agromyzidae (gen. et sp. indet., DT109)",Diptera,"array([-0.5435251 ,  9.96236373])",
468,Cecidomyiidae (gen. et sp. indet. DT80,Diptera,"array([-0.53081825,  9.90505413])",
469,"Tenthredinoidea (fam. indet., DT78)",Hymenoptera,"array([-0.61010473,  9.97548752])",
470,"Tenthredinidae (gen. et sp. indet., DT187)",Hymenoptera,"array([-0.59877865, 10.0278416 ])",
471,"Torymidae (gen. et sp. indet. 1, DT62)",Hymenoptera,"array([-0.62597709,  9.82830619])",
472,"Torymidae (gen. sp. indet. 2, DT213",Hymenoptera,"array([-0.64007934,  9.82867394])",
473,"Eulophidae (gen. et sp. indet., DT189)",Hymenoptera,"array([-0.55312633,  9.90060964])",
474,"Eucharitidae (gen. et sp. indet., DT83)",Hymenoptera,"array([-0.79038146, 10.00150298])",
475,Chalcididae (Chalcidinae),Hymenoptera,"array([-0.57841903,  9.98223922])",
476,Proctotrupoidea (fam. indet.),Hymenoptera,"array([-0.83886804,  9.9676792 ])",
477,Ichneumonidae (gen. et sp. indet.),Hymenoptera,"array([-0.66201634,  9.96901677])",
478,Braconidae (gen. et sp. indet.),Hymenoptera,"array([-0.68127235,  9.95002314])",
479,"Cynipidae (gen. et sp. indet., DT209",Hymenoptera,"array([-0.66083748,  9.88297979])",
480,"Cynipidae (gen. et sp. indet. 2, DT186",Hymenoptera,"array([-0.60935225,  9.89801014])",
481,Formicidae (Dolichoderinae),Hymenoptera,"array([-0.73463817,  9.95756528])",
482,Formicidae (Formicinae),Hymenoptera,"array([-0.7073943 ,  9.92547466])",
483,Formicidae (Formicium giganteum),Hymenoptera,"array([-0.69583267, 10.00093693])",
484,Formicidae (Formicium simillimum),Hymenoptera,"array([-0.66327993,  9.98243037])",
485,Formicidae (Myrmiciinae),Hymenoptera,"array([-0.63208832,  9.95624669])",
486,Formicidae (Ponerinae),Hymenoptera,"array([-0.65630128, 10.00116642])",
487,"Formicidae (cf. Attini, DT214",Hymenoptera,"array([-0.61099845,  9.96594119])",
488,Pompilidae (gen. et sp. indet.),Hymenoptera,"array([-0.62363144, 10.02001599])",
489,Scoliidae (gen. et sp. indet.),Hymenoptera,"array([-0.61363286, 10.02864007])",
490,Tiphiidae (gen. et sp. indet.),Hymenoptera,"array([-0.61645838, 10.05759745])",
491,Sphecidae (gen. et sp. indet.),Hymenoptera,"array([-0.68065172,  9.97802602])",
492,Eumenidae (gen. et sp. indet.),Hymenoptera,"array([-0.66412808,  9.94341069])",
493,Vespidae (gen. et sp. indet.),Hymenoptera,"array([-0.67253747,  9.97494309])",
494,Anthophoridae (gen. et sp. indet.),Hymenoptera,"array([-0.62464923,  9.99080319])",
495,"Megachilidae (gen. et sp. indet., DT81)",Hymenoptera,"array([-0.61985735,  9.98144966])",
496,Apidae (Pygomelissa lutetia),Hymenoptera,"array([-0.60300454, 10.00030234])",
497,Apidae (Protobombus messelensis),Hymenoptera,"array([-0.60509112, 10.01392043])",
498,Apidae (Ecfeldapis electrapoides),Hymenoptera,"array([-0.61246994, 10.00481789])",
499,Limnephilidae (gen. et sp. indet.),Trichoptera,"array([-0.69907438, 10.09054324])",
500,Fam. indet. (larval cases),Trichoptera,"array([-0.68628483, 10.09786001])",
501,Micropterygidae (gen. et sp. indet.),Lepidoptera,"array([-0.66587184, 10.03560164])",
502,"Nepticulidae (gen. et sp. indet. 1, DT41)",Lepidoptera,"array([-0.58020595,  9.92654332])",
503,"Nepticulidae (gen. et sp. indet. 2, DT44)",Lepidoptera,"array([-0.59419576,  9.89814837])",
504,"Nepticulidae (gen. et sp. indet. 3, DT171)",Lepidoptera,"array([-0.56287363,  9.91364234])",
505,"Nepticulidae (gen et sp. indet. 4, DT45)",Lepidoptera,"array([-0.57461719,  9.88022566])",
506,"Nepticulidae (gen. et sp. indet. 5, DT176",Lepidoptera,"array([-0.58140855,  9.90358607])",
507,Nepticulidae: Stigmellites messelensis,Lepidoptera,"array([-0.62485766,  9.91474244])",
508,"Bucculatrigidae (Bucculatrix sp., DT170",Lepidoptera,"array([-0.53240348,  9.9199168 ])",
509,"Gracillariidae (?Phyllonorycter sp., DT208",Lepidoptera,"array([-0.58866759,  9.83079091])",
510,"Gracillariidae (gen. et sp. indet. 1, DT164)",Lepidoptera,"array([-0.47146101,  9.94257053])",
511,"Gracillariidae (gen. et sp. indet. 2, DT210)",Lepidoptera,"array([-0.54218984,  9.91100955])",
512,"Gracillariidae (gen. et sp. indet. 3, DT152",Lepidoptera,"array([-0.65226073,  9.87380051])",
513,"Gracillariidae (gen. et sp. indet. 4, DT222)",Lepidoptera,"array([-0.67627387,  9.80908846])",
514,"Gracillariidae (gen. et sp. indet. 5, DT37)",Lepidoptera,"array([-0.54969895,  9.88368507])",
515,"Coleophoridae (cf. Homaledra, DT182",Lepidoptera,"array([-0.76349053, 10.03039146])",
516,"Coleophoridae (gen. et sp. indet., DT224",Lepidoptera,"array([-0.71518459,  9.79863022])",
517,"Incurvariidae (gen. et sp. indet. 1, DT38)",Lepidoptera,"array([-0.59336478,  9.96131014])",
518,"Incurvariidae (gen. et sp. indet. 2, DT223",Lepidoptera,"array([-0.592077 ,  9.8839467])",
519,Cosmopterygidae (gen. et sp. indet.),Lepidoptera,"array([-0.65174332,  9.94690063])",
520,"Geometridae (gen. et sp. indet., DT22, DT196",Lepidoptera,"array([-0.62940511, 10.00166913])",
521,"Ditrysia (fam. indet. 1, DT27)",Lepidoptera,"array([-0.54530771,  9.8701604 ])",
522,"Ditrysia (fam. indet. 2, DT16)",Lepidoptera,"array([-0.51647513,  9.91053824])",
523,"Ditrysia (fam. indet. 3, DT17)",Lepidoptera,"array([-0.61789464,  9.88776644])",
524,"Ditrysia (fam. indet. 4, DT14)",Lepidoptera,"array([-0.56436095,  9.84166312])",
525,"Ditrysia (fam. indet. 5, DT79)",Lepidoptera,"array([-0.58333334, 10.0186433 ])",
526,"Ditrysia (fam. indet. 6, DT142",Lepidoptera,"array([-0.7237072 ,  9.94760725])",
527,"Ditrysia (fam. indet. 7, DT202",Lepidoptera,"array([-0.66828619,  9.83938304])",
528,"Ditrysia (fam. indet. 8, DT201",Lepidoptera,"array([-0.62298978,  9.90107266])",
529,"Ditrysia (fam. indet 9, DT22)",Lepidoptera,"array([-0.63035791,  9.93653546])",
530,"Ditrysia (fam. indet. 10, DT61)",Lepidoptera,"array([-0.54580375,  9.98202281])",
531,"Ditrysia (fam. indet. 11, DT50)",Lepidoptera,"array([-0.62961878, 10.0736884 ])",
532,"Ditrysia (fam. indet. 12, DT19)",Lepidoptera,"array([-0.67413754,  9.94091769])",
533,"Ditrysia (fam. indet. 13, DT06)",Lepidoptera,"array([-0.57360608,  9.96267055])",
534,"Ditrysia (fam. indet. 14, DT26)",Lepidoptera,"array([-0.60321801, 10.05783165])",
535,"Ditrysia (fam. indet. 15, DT05)",Lepidoptera,"array([-0.55881139, 10.05799937])",
536,"Ditrysia (fam. indet. 16, DT13)",Lepidoptera,"array([-0.55907564, 10.07188036])",
537,Papilionoidea (fam. indet.),Lepidoptera,"array([-0.6773572 , 10.01670949])",
538,"(order indet. 1, DT87)",Insecta,"array([-0.82463741, 10.05458173])",
539,"(order indet. 2, DT55)",Insecta,"array([-0.82856065,  9.98280328])",
540,"(order indet. 3, DT01)",Insecta,"array([-0.59024133,  9.91228238])",
541,"(order indet. 4, DT02)",Insecta,"array([-0.62976292,  9.88449065])",
542,"(order indet. 5, DT12)",Insecta,"array([-0.64288869,  9.91674215])",
543,"(order indet. 6, DT14)",Insecta,"array([-0.5668829 ,  9.92468142])",
544,"(order indet. 7, DT13)",Insecta,"array([-0.67763611,  9.85213944])",
545,"(order indet. 8, DT15)",Insecta,"array([-0.6868495 , 10.01706302])",
546,"(order indet. 9, DT03)",Insecta,"array([-0.77124716,  9.99753449])",
547,"(order indet. 10, DT04)",Insecta,"array([-0.57047873,  9.93544186])",
548,"Eriophyidae (gen. et sp. indet. 1, DT147)",Acari,"array([-0.7846547 , 10.04369927])",
549,"Eriophyidae (gen. et sp. indet. 2, DT189)",Acari,"array([-0.82952769, 10.00596306])",
550,"Eriophyidae (gen. et sp. indet. 3, DT32)",Acari,"array([-0.86147841,  9.94142034])",
551,"Eriophyidae (gen. et sp. indet. 4, DT62)",Acari,"array([-0.56178302,  9.7934802 ])",
552,"Eriophyidae (gen. et sp. indet. 5, DT11)",Acari,"array([-0.51109602,  9.76344369])",
553,"Eriophyidae (gen. et sp. indet. 6, DT150",Acari,"array([-0.5127701 ,  9.83886282])",
554,"Eriophyidae (gen. et sp. indet. 7, DT120)",Acari,"array([-0.64753726,  9.78665218])",
555,Phalangiida (fam. indet.),Phalangiida,"array([-0.70609311, 10.08035119])",
556,Araneidae (cf. Singa),Araneida,"array([-0.71239556,  9.97151736])",
557,Lepisosteidae (Atractosteus kinkelini),Lepisosteiformes,"array([-0.66003501, 10.21759529])",
558,Lepisosteidae (Masillosteus kelleri),Lepisosteiformes,"array([-0.65160136, 10.27746719])",
559,Amiidae (Cyclurus kehreri),Amiiformes,"array([-0.67872019, 10.21897797])",
560,Thaumaturidae (Thaumaturus intermedius),Clupeocephala,"array([-0.64765198, 10.19222922])",
561,Anguillidae (Anguilla ignota),Angulliformes,"array([-0.62667561, 10.2135127 ])",
562,Moronidae (Palaeoperca proxima),Perciformes,"array([-0.65961298, 10.1617342 ])",
563,Moronidae (Rhenanoperca minuta),Perciformes,"array([-0.66230114, 10.14722866])",
564,Percichthyidae (Amphiperca multiformis),Perciformes,"array([-0.62328559, 10.24285336])",
565,Pelobatidae (Eopelobates wagneri),Anura,"array([-0.65192648, 10.14339782])",
566,Palaeobatrachidae (Messelobatrachus tobieni),Anura,"array([-0.6666224 , 10.10613719])",
567,Fam. indet. (Lutetiobatrachus gracilis),Anura,"array([-0.68789674, 10.13608643])",
568,Xenopidae (gen. et sp. indet.),Anura,"array([-0.66965829, 10.19759234])",
569,Salamandridae (Chelotriton robustus) ,Urodela,"array([-0.65096181, 10.17571061])",
570,Cf. Iguanidae (gen. et sp. indet.),Lacertilia,"array([-0.54679016, 10.08779186])",
571,Iguanidae (Geiseltaliellus longicaudus),Lacertilia,"array([-0.53222701, 10.0940664 ])",
572,"Fam. Indet. \""small species\""",Lacertilia,"array([-0.70435769, 10.05348915])",
573,Scincidae (aff. Scincomorpha sp.),Lacertilia,"array([-0.64165531, 10.06594205])",
574,Scincidae (gen. et sp. indet.),Lacertilia,"array([-0.58785881, 10.08743906])",
575,Anguidae (Xestops abderhaldeni),Lacertilia,"array([-0.70409846, 10.19741963])",
576,Anguidae (Ophisauriscus quadrupes),Lacertilia,"array([-0.72698245, 10.11574919])",
577,Necrosauridae (Genus A),Lacertilia,"array([-0.61697374, 10.09796525])",
578,"Necrosauridae (\""Saniwa\"" feisti)",Lacertilia,"array([-0.6697441 , 10.08236248])",
579,Necrosauridae (Genus C),Lacertilia,"array([-0.62423293, 10.12766923])",
580,Lacertidae (Eolacerta robusta),Lacertilia,"array([-0.63971563, 10.07781493])",
581,Boidae (Palaeopython fischeri),Serpentes,"array([-0.55151514, 10.10110071])",
582,Boidae (Paleryx nov. sp.),Serpentes,"array([-0.56835422, 10.12917965])",
583,Boidae (Messelophis ermannorum),Serpentes,"array([-0.58444617, 10.13062475])",
584,Boidae (Messelophis variatus),Serpentes,"array([-0.52613459, 10.06568538])",
585,Aniliidae (gen. et sp. 1 nov.),Serpentes,"array([-0.62548903, 10.18359819])",
586,Aniliidae (gen. et sp. 2 nov.),Lacertilia,"array([-0.57008747, 10.17801644])",
587,Fam. indet. (?Juvemys sp.),Testudines,"array([-0.61547041, 10.32996338])",
588,Fam. indet. (Francellia messeliana),Testudines,"array([-0.59110504, 10.23236461])",
589,Fam. indet. (Euroemys kehreri),Testudines,"array([-0.60849826, 10.21636222])",
590,Emydidae (Allaeochelys gracilis),Testudines,"array([-0.68818774, 10.14775855])",
591,Carettochelyidae (Allaeochelys crassesculptata),Testudines,"array([-0.6869704 , 10.20075314])",
592,"Trionychidae (\""Trionyx\"" messelianus)",Testudines,"array([-0.64348916, 10.24361542])",
593,Leidyosuchidae (Diplocynodon darwini),Crocodylia,"array([-0.60809011, 10.25445421])",
594,Leidyosuchidae (Diplocynodon ebertsi),Crocodylia,"array([-0.66235359, 10.25434077])",
595,Leidyosuchidae (Baryphracta deponiae),Crocodylia,"array([-0.66746106, 10.23331783])",
596,Crocodylidae (Asiatosuchus germanicus),Crocodylia,"array([-0.55553318, 10.12047416])",
597,Alligatoridae (Allognathosuchus haupti),Crocodylia,"array([-0.59928804, 10.16339197])",
598,Pristichampsidae (Pristichampsus rollinati),Crocodylia,"array([-0.60344216, 10.19546295])",
599,Bergisuchidae (Bergisuchus dietrichbergi),Crocodylia,"array([-0.61450322, 10.1719362 ])",
600,Tomastomidae (gen. et sp. indet),Crocodylia,"array([-0.67440786, 10.28941243])",
601,Palaeotididae (Palaeotis weigelti),Palaeognathae,"array([-0.54353428, 10.07519426])",
602,Gallinuloididae (Paraortygoides messelensis),Galliformes,"array([-0.53685706, 10.19246865])",
603,Gastornithidae (Gastornis geiselensis),Anseriformes,"array([-0.6274941 , 10.09941699])",
604,Phoenicopteridae (Juncitarsus merkeli),Phoenicopteriformes,"array([-0.73705312, 10.2358309 ])",
605,Sulidae (Masillastega rectirostris),Pelecaniformes,"array([-0.63085187, 10.27129909])",
606,Threskiornithidae (Rhynchaeitites messelensis),Ciconiiformes,"array([-0.6876951 , 10.24115731])",
607,?Phorusrhacidae (Aenigmavis sapea),"\""Gruiformes\""","array([-0.63519055, 10.08823784])",
608,Idiornithidae (Idiornis tuberculata),"\""Gruiformes\""","array([-0.7113683 , 10.24569235])",
609,Idiornithidae (Idiornis cf. itardiensis),"\""Gruiformes\""","array([-0.66975674, 10.11857126])",
610,Messelornithidae (Messelornis cristata),"\""Gruiformes\""","array([-0.64252507, 10.21992545])",
611,Salmilidae (Salmila robusta),"\""Gruiformes\""","array([-0.65796872, 10.11334121])",
612,Fam. indet. (Pumiliornis tessellatus),Order Incertae Sedis A,"array([-0.69356877,  9.98059976])",
613,Fam. indet. (gen. et sp. indet.),Charadriiformes,"array([-0.68335796, 10.11719614])",
614, Accipitridae (Masillaraptor parvunguis),Falconiformes,"array([-0.6132172 ,  9.95704214])",
615,Messelasturidae (Messelastur gratulator),?Falconiformes,"array([-0.66957102,  9.87397399])",
616,Pseudasturidae (Pseudasturides macrocephalus),Psittaciformes,"array([-0.63187858,  9.9660608 ])",
617,Pseudasturidae (Serudaptus pohli),Psittaciformes,"array([-0.69841286,  9.96364548])",
618,Pseudasturidae (?Pseudastur sp.),Psittaciformes,"array([-0.63267794,  9.98209556])",
619,Fam. indet. (Psittacopes lepidus),Psittaciformes,"array([-0.53399367,  9.99370276])",
620,Palaeoglaucidae (Palaeoglaux artophoron),Strigiformes,"array([-0.70015974,  9.97467755])",
621,Sandcoleidae (Eoglaucidium pallas),Coliiformes,"array([-0.50569909, 10.00442612])",
622,Sandcoleidae (Eoglaucidium sp.),Coliiformes,"array([-0.52016001, 10.04701736])",
623,Sandcoleidae (cf. Anneavis sp.),Coliiformes,"array([-0.54588067,  9.99302239])",
624,?Sandcoleidae (Chasacocoliius cacicirostris),Coliiformes,"array([-0.66925362, 10.00352893])",
625,Coliidae (Masillacolius brevidactylus),Coliiformes,"array([-0.65221489,  9.96767683])",
626,Fam. indet. (Selmes absurdipes),Coliiformes,"array([-0.51746832,  9.95448733])",
627,Fluvioviridavidae (Fluvioviridavis platyrhamphus),Order Incertae Sedis B,"array([-0.65034462, 10.05688169])",
628,Fluvioviridavidae (Eurofluvioviridavis robustipes),Order Incertae Sedis B,"array([-0.68721013, 10.02749712])",
629,Podargidae (Masillapodargus longipes),Order Incertae Sedis C,"array([-0.6977162 ,  9.95505718])",
630,Apodidae (Scaniacypselus szarskii),Cypselomorphae,"array([-0.7044611 ,  9.98279872])",
631,Nyctibiidae (Paraprefica kelleri),Cypselomorphae,"array([-0.68923324, 10.06900771])",
632,Nyctibiidae (Paraprefica major),Cypselomorphae,"array([-0.68955835,  9.93862902])",
633,Archaeotrogonidae (Hassiavis laticauda),Cypselomorphae,"array([-0.73192   ,  9.99416485])",
634,Apodidae (gen. et sp. indet.),Cypselomorphae,"array([-0.76754121,  9.98200464])",
635,Cypselomorphidae (Protocypselomorphus manfredkelleri),Cypselomorphae,"array([-0.70838308,  9.94867914])",
636,Cf. Jungornithidae (cf. Argornis sp.),Cypselomorphae,"array([-0.56018226, 10.00160099])",
637,?Leptosomidae (Plesiocathartes kelleri),Order Incertae Sedis D,"array([-0.68517214, 10.05755322])",
638,Eocoraciidae (Eocoracias brachyptera),Coraciiformes,"array([-0.65772178, 10.04980393])",
639,Atelornithidae (gen. et sp. indet.),Coraciiformes,"array([-0.59028089, 10.09936935])",
640,Fam. Indet. (Quasisyndactylus longibrachis),Alcediiformes,"array([-0.61370621, 10.28089084])",
641,Messelirrisoridae (Messelirrisor parvus),Upupiformes,"array([-0.7031462 , 10.00855184])",
642,Messelirrisoridae (Messelirrisor halcyrostris),Upupiformes,"array([-0.65753897, 10.04090054])",
643,Messelirrisoridae (Messelirrisor grandis),Upupiformes,"array([-0.67282259, 10.040761  ])",
644,Primobucconidae (?Primobucco sp.),Order Incertae Sedis E,"array([-0.65334888, 10.03114736])",
645,Primoscenidae (Primozygodactylus danielsi),Piciformes,"array([-0.69638165,  9.94320569])",
646,Primoscenidae (Primozygodactylus major),Piciformes,"array([-0.75921351,  9.9526689 ])",
647,Primoscenidae (Primozygodactylus ballmanni),Piciformes,"array([-0.6688339 , 10.01863547])",
648,Gracilitarsidae (Gracilitarsus mirabilis),Order Incertae Sedis F,"array([-0.49566835, 10.01051108])",
649,Trogonidae (?Primotrogon pumilio),Trogoniformes,"array([-0.68185872,  9.98727362])",
650,Trogonidae (Primotrogon wintersteini),Trogoniformes,"array([-0.67531679,  9.99605608])",
651,Fam. Indet. Palaeopsittacus cf. georgei,?Caprimugliformes,"array([-0.65604942,  9.97767714])",
652,Trochilidae (Eurotrochilus inexpectatus),Trochiliiformes,"array([-0.47477077, 10.03336797])",
653,Trochilidae (Parargornis messelensis),Trochiliiformes,"array([-0.63471769,  9.92532613])",
654,Herpetotheriidae (Amphiperatherium cf. maximum),Metatheria,"array([-0.64198627,  9.98826806])",
655,Herpetotheriidae (Amphiperatherium goethei),Metatheria,"array([-0.64678458, 10.00136854])",
656,Herpetotheriidae (Amphiperatherium or Peratherium),Metatheria,"array([-0.62518466, 10.03815188])",
657,"?Peradectidae (\""Peradectes\"" sp.)",Metatheria,"array([-0.64306904, 10.02292448])",
658,Pantolestidae (Buxolestes minor),Proteutheria,"array([-0.58531899, 10.19628083])",
659,Pantolestidae (Buxolestes piscator),Proteutheria,"array([-0.61251545, 10.06923242])",
660,"Paroxyclaenidae (\""Paroxyclaenus\"" sp.)",Proteutheria,"array([-0.56309218, 10.03571289])",
661,Paroxyclaenidae (Kopidodon macrognathus),Proteutheria,"array([-0.58021157,  9.99253958])",
662,Pseudorhynchocyonidae (Lepticidium nasutum),Proteutheria,"array([-0.6111013 , 10.12575461])",
663,Pseudorhynchocyonidae (Lepticidium auderiense),Proteutheria,"array([-0.67293056, 10.05905029])",
664,Pseudorhynchocyonidae (Lepticidium tobieni),Proteutheria,"array([-0.63678649, 10.12616698])",
665,Apatemyidae (Heterohyus nanus),Proteutheria,"array([-0.72454465,  9.96808276])",
666,Myrmecophagidae (Eurotamandua joresi),Xenarthra,"array([-0.64146424, 10.05153255])",
667,Amphilemuridae (Macrocranion tupaidon),Lipotyphla,"array([-0.65468684, 10.06456215])",
668,Amphilemuridae (Macrocranion tenerum),Lipotyphla,"array([-0.6915291 ,  9.99145161])",
669,Amphilemuridae (Pholidocercus hassiacus),Lipotyphla,"array([-0.68461314,  9.99804446])",
670,Archaeonycterididae (Archaeonyceris trigonodon),Chiroptera,"array([-0.622398  ,  9.96719678])",
671,Archaeonycterididae (Archaeonyceris pollex),Chiroptera,"array([-0.58562235,  9.94675572])",
672,Palaeochiropterygidae (Palaeochiropteryx tupaiodon),Chiroptera,"array([-0.55830352,  9.98809732])",
673,Palaeochiropterygidae (Palaeochiropteryx spiegeli),Chiroptera,"array([-0.6785183 , 10.07040054])",
674,Hassianycterididae (Hassianycteris messelensis),Chiroptera,"array([-0.64219912,  9.9337269 ])",
675,Hassianycterididae (?Hassianycteris revilliodi),Chiroptera,"array([-0.581005  , 10.05954391])",
676,Hassianycterididae (Hassianycteris magna),Chiroptera,"array([-0.59884387,  9.92972643])",
677,Emballonuridae (Tachypteron franzeni),Chiroptera,"array([-0.63809226,  9.97431595])",
678,Hyaenodontidae (Lesmesodon behnkeae),Creodonta,"array([-0.63559398, 10.10708063])",
679,Hyaenodontidae (Lesmesodon edingeri),Creodonta,"array([-0.57458993, 10.08110517])",
680,Manidae (Eomanis krebsi),Pholidota,"array([-0.71205052, 10.04442909])",
681,Manidae (Eomanis waldi),Pholidota,"array([-0.51469803,  9.97313311])",
682,Miacidae (Parodectes feisti),Carnivora,"array([-0.60642031, 10.08281524])",
683,Miacidae (Messelogale kessleri),Carnivora,"array([-0.58319571, 10.1143224 ])",
684,Helaletidae (Hyrachus minimus),Perissodactyla,"array([-0.589718  ,  9.98735182])",
685,Lophiodontidae (Lophiodon sp.),Perissodactyla,"array([-0.56830302, 10.00771817])",
686,Equidae (Propalaeotherium hassiacum),Perissodactyla,"array([-0.56921669, 10.0535807 ])",
687,Equidae (Propalaeotherium parvulum),Perissodactyla,"array([-0.54977824, 10.04536409])",
688,Equidae (Hallensia matthesi),Perissodactyla,"array([-0.56170786, 10.0814976 ])",
689,Dichobunidae (Messelobunodon schaeferi),Artiodactyla,"array([-0.70767493, 10.09340047])",
690,Haplobunodontidae (Masillabune martini),Artiodactyla,"array([-0.55544364, 10.02762847])",
691,Diacodexeidae (Aumelasia cf. gabineaudi),Artiodactyla,"array([-0.56321564, 10.0195416 ])",
692,Notharctidae (Europolemur kelleri),Primates,"array([-0.60787248, 10.03671291])",
693,Notharctidae (Godinotia neglecta),Primates,"array([-0.62627088, 10.00907321])",
694,Notharctidae (Europolemur koenigswaldi),Primates,"array([-0.60977304, 10.02091794])",
695,Gliridae (Eogliravus wildi),Rodentia,"array([-0.59732897,  9.97945006])",
696,Ischyromyidae (Ailuravus macrurus),Rodentia,"array([-0.58587894,  9.96623557])",
697,Ischyromyridae (Hartenbergeromys parvus),Rodentia,"array([-0.67483885, 10.02775244])",
698,Ischyromyridae (Masillamys beegeri),Rodentia,"array([-0.62464959, 10.05028017])",
699,Gen. et sp. indet.,Rodentia,"array([-0.5980562 , 10.06759761])",
